"","hospital","address","bed_class1","last_update_class1","bed_class2","last_update_class2","bed_class3","last_update_class3","tlp_number","province","district","scraped_at","bed_type"
"1","RS Umum Daerah Dr. H. Yulidin Away","Jl. T. Ben Mahmud Nomor 86 A Tapaktuan",42,"35 menit",49,"35 menit",20,"35 menit","082198880051","11","1103",2021-08-23 00:11:56,"Non COVID-19"
"2","RS Umum Daerah Tamiang","Jl. Kesehatan Kab.Aceh Tamiang ",18,"1 jam",35,"1 jam",34,"1 jam","085372458720","11","1114",2021-08-23 00:11:57,"Non COVID-19"
"3","RS Umum Daerah dr. Zubir Mahmud","Jl. Medan-Banda Aceh Km. 372 Desa Seuneubok Barat Kec.Idi timur Kab.Aceh timur",0,NA,11,NA,87,NA,"064621139","11","1105",2021-08-23 00:11:58,"Non COVID-19"
"4","RS Umum Wira Husada","Jl Kartini Nomor 209 Kisaran",1,NA,6,NA,12,NA,"082398963833","12","1208",2021-08-23 00:11:59,"Non COVID-19"
"5","RS Khusus Bedah BIMC","Jl. By Pass Ngurah Rai No.100X, Kuta - Badung",NA,NA,NA,NA,NA,NA,"0361761263","51","5103",2021-08-23 00:11:59,"Non COVID-19"
"6","RS Umum Kasih Ibu Kedonganan","Jl. Uluwatu No. 69 Kedonganan",3,NA,2,NA,3,NA,"0361703270","51","5103",2021-08-23 00:11:59,"Non COVID-19"
"7","RS Umum Daerah Balangan ","Jl. Lingkar Timur Km.1,7 Paringin Kab.Balangan ",6,"21 jam",9,"21 jam",46,"21 jam","05262094039","63","6311",2021-08-23 00:12:00,"Non COVID-19"
"8","RS Umum Daerah Al Ihsan Provinsi Jawa Barat","  Jl. Ki Astramanggala Bale Endah Kab. Bandung",2,NA,10,NA,3,NA,"02287799430","32","3204",2021-08-23 00:12:00,"Non COVID-19"
"9","RS Umum Daerah Soreang"," Jl. Alun-Alun Utara No. 1 Soreang",6,"17 jam",12,"17 jam",8,"17 jam","0225891355","32","3204",2021-08-23 00:12:00,"Non COVID-19"
"10","RS Umum Daerah Kesehatan Kerja","Jl. Raya Rancaekek KM. 27 NO. 612 Desa Nanjungmekar Kec. Rancaekek",2,"35 menit",5,"34 menit",11,"34 menit","0227798778","32","3204",2021-08-23 00:12:00,"Non COVID-19"
"11","RS Umum AMC ","Jl. Raya Cileunyi No.1, Cileunyi Wetan, Cileunyi, Bandung, Jawa Barat 40622",19,NA,23,NA,29,NA,"0813-1656-0227","32","3204",2021-08-23 00:12:00,"Non COVID-19"
"12","RS Umum Daerah Lembang","Jl. Raya Lembang KM.11,4 No.11 Desa Gudang Kahuripan Kec. Lembang",4,"16 jam",NA,NA,43,"16 jam","0222786879","32","3217",2021-08-23 00:12:01,"Non COVID-19"
"13","RS Karisma Cimareme","Jl. Raya Cimareme No. 235 RT. 03 RW. 01 Kec.Ngamprah",1,NA,9,NA,3,NA,"0226866221","32","3217",2021-08-23 00:12:01,"Non COVID-19"
"14","RS Umum Daerah Cikalong Wetan","Jl. Padalarang - Purwakarta KM 11 Cikalong Wetan",NA,NA,NA,NA,35,"15 jam","022868666243","32","3217",2021-08-23 00:12:01,"Non COVID-19"
"15","RS Ibu dan Anak Kartini","Jl. Letkol GA Manulang No. 46 Padalarang Bandung Barat",5,NA,3,NA,9,NA,"hotline tidak tersedia","32","3217",2021-08-23 00:12:01,"Non COVID-19"
"16","RS Jiwa Provinsi Jawa Barat","Jl. Kolonel Masturi KM 7 Cisarua - Bandung Barat",2,"15 jam",14,"14 jam",44,"14 jam","0222700909","32","3217",2021-08-23 00:12:01,"Non COVID-19"
"17","RS Umum Cahya Kawaluyan","Jl. Parahyangan KM. 3 - Kota Baru Parahyangan Kec. Padalarang KBB",3,NA,NA,NA,22,NA,"0226803700","32","3217",2021-08-23 00:12:01,"Non COVID-19"
"18","RS Umum Daerah Depati Bahrin","Jl. Jend Sudirman No.195, Kel.Parit Padang Kec.Sungailiat Propinsi Kepulauan Bangka Belitung",19,"36 menit",11,"36 menit",22,"36 menit","071792489","19","1901",2021-08-23 00:12:02,"Non COVID-19"
"19","RS Umum Daerah Kab.Bangka Tengah","Jl. By Pass No 01 Kec.Koba,Kab. Bangka Tengah",10,"12 jam",14,"12 jam",22,"12 jam","085383884511","19","1904",2021-08-23 00:12:02,"Non COVID-19"
"20","RS Umum Daerah Kabupaten Bangli"," Jl. Brigjen Ngurah Rai No. 99X Bangli",10,"15 jam",14,NA,32,NA,"036691521","51","5106",2021-08-23 00:12:03,"Non COVID-19"
"21","RS Umum Daerah Ratu Zalecha","Jl Menteri Empat Martapura Kabupaten Banjar Kalimantan Selatan",21,NA,49,NA,42,NA,"05114789455","63","6303",2021-08-23 00:12:03,"Non COVID-19"
"22","RS Umum Emmanuel","Jl. Raya Purwareja Klampok - Banjarnegara",15,NA,21,NA,49,NA,"(0286) 479030","33","3304",2021-08-23 00:12:04,"Non COVID-19"
"23","RS Umum Daerah Panembahan Senopati","Jl Dr. Wahidin Sudiro Husodo Bantul",5,NA,5,NA,33,NA,"hotline tidak tersedia","34","3402",2021-08-23 00:12:05,"Non COVID-19"
"24","RS Umum Santa Elisabeth","Ganjuran Sumbermulyo Bambanglipuro",2,NA,1,NA,6,NA,"02746460400","34","3402",2021-08-23 00:12:05,"Non COVID-19"
"25","RS Ibu Anak Ummi Khasanah","Jl Pemuda Ds Gandekan Bantul",2,"1 jam",1,"1 jam",10,"1 jam","0274367638","34","3402",2021-08-23 00:12:05,"Non COVID-19"
"26","RS Umum Nur Hidayah","Jl Imogiri Timur Km. 11,5 Trimulyo Jetis Bantul",2,"1 jam",3,"1 jam",32,"1 jam","085100472941","34","3402",2021-08-23 00:12:05,"Non COVID-19"
"27","RS Umum Griya Mahardika Yogyakarta","jl. Parangtritis KM 4.5 gang Wijayakusuma No 212 Yogyakarta",8,"3 jam",3,"3 jam",1,"3 jam","0274445024","34","3402",2021-08-23 00:12:05,"Non COVID-19"
"28","RS Umum Daerah Banyuasin","Jl. Raya Palembang - Betung Km.48,Pangkalan Balai Banyuasin",17,"18 jam",13,"18 jam",41,"18 jam","0711891647","16","1607",2021-08-23 00:12:05,"Non COVID-19"
"29","RS Bunda Medika Jakabaring","Jl. Gubernur H.A. Bastari Jakabaring Desa Sungai Kedukan Kecamatan Rambutan",13,NA,15,NA,NA,NA,"085384532735","16","1607",2021-08-23 00:12:05,"Non COVID-19"
"30","RS Umum Pusat Dr. Rivai Abdullah","Jl. Sungai Kundur Kelurahan Mariana Kec. Banyuasin I ",8,"1 jam",10,"1 jam",36,"1 jam","07117537201","16","1607",2021-08-23 00:12:05,"Non COVID-19"
"31","RS umum Daerah Banyumas","Jl. Rumah Sakit No.1 Banyumas",11,"18 jam",22,"18 jam",100,"18 jam","0281796031","33","3302",2021-08-23 00:12:05,"Non COVID-19"
"32","RS Khusus Bedah Jatiwinangun"," Jl. Jatiwinangun No.54, Purwokerto",3,NA,3,NA,10,NA,"0281632632","33","3302",2021-08-23 00:12:05,"Non COVID-19"
"33","RS Ibu dan Anak Amanah","Jl Raya Kebokura No.37 Kec Sumpiuh Kab Banyumas",8,"35 menit",3,"35 menit",1,"35 menit","0282497548","33","3302",2021-08-23 00:12:05,"Non COVID-19"
"34","RS Umum Islam Purwokerto","Jl. H. Masyuri Rejasari No 39 Purwokerto",5,"33 menit",4,"33 menit",19,"33 menit","0281630019","33","3302",2021-08-23 00:12:05,"Non COVID-19"
"35","RS Umum Daerah Ajibarang","    Jl. Raya Pancasan No.1,Ajibarang Banyumas",6,"17 jam",12,"17 jam",30,"17 jam","02816570004","33","3302",2021-08-23 00:12:05,"Non COVID-19"
"36","RS Nahdlatul Ulama Banyuwangi","Jl. Raya Mangir No. 9, Kec. Rogojampi, Banyuwangi",NA,NA,NA,NA,NA,NA,"0333632965","35","3510",2021-08-23 00:12:06,"Non COVID-19"
"37","RS Al Huda ","Jl. Raya Gambiran No. 225, Desa Gambiran, Kec. Gambiran, Kab. Banyuwangi",11,"13 jam",13,NA,30,"13 jam","0333842034","35","3510",2021-08-23 00:12:06,"Non COVID-19"
"38","RS Umum PKU Muhammadiyah Rogojampi","Jalan Diponegoro Nomor 20 Rogojampi, Kab. Banyuwangi",10,NA,18,NA,30,NA,"0333631149","35","3510",2021-08-23 00:12:06,"Non COVID-19"
"39","RS Al-Rohmah Banyuwangi","Jl. A. Yani No. 37 Jajag Gambiran, Banyuwangi",5,NA,10,"1 jam",16,NA,"0333397267","35","3510",2021-08-23 00:12:06,"Non COVID-19"
"40","RS Umum Qim","Jl. Urip Sumoharjo, Sambong",1,NA,0,NA,2,NA,"02854495222","33","3325",2021-08-23 00:12:08,"Non COVID-19"
"41","Siloam Hospitals Lippo Cikarang","Jl. MH Thamrin Kav.105 Bekasi",8,"19 jam",14,"19 jam",16,"19 jam","02129636911","32","3216",2021-08-23 00:12:09,"Non COVID-19"
"42","RS Umum Daerah Kab.Bekasi"," Jl. Teuku Umar Cibitung,Bekasi",7,NA,17,NA,25,"16 jam","02188374444","32","3216",2021-08-23 00:12:09,"Non COVID-19"
"43","RS Amanda Cikarang Selatan","Jl. Raya Serang No. 83 Desa Sukadami Cikarang Selatan Kab. Bekasi",4,NA,7,NA,10,NA,"0218971643","32","3216",2021-08-23 00:12:09,"Non COVID-19"
"44","RS Umum Dokter Adam Talib","JL. TEUKU UMAR NO. 25 CIKARANG BARAT",NA,NA,24,"20 jam",22,"20 jam","082112767778","32","3216",2021-08-23 00:12:09,"Non COVID-19"
"45","RS Umum Cibitung Medika","Jl. H. Bosih No.117 Cibitung Kabupaten Bekasi",19,NA,3,NA,14,NA,"02188323444","32","3216",2021-08-23 00:12:09,"Non COVID-19"
"46","RS Uni Medika Setu Bekasi","Jl. Raya setu No.99 Desa Lubang Buaya Kec. Setu",5,NA,7,NA,14,NA,"085891000553","32","3216",2021-08-23 00:12:09,"Non COVID-19"
"47","RS Umum Kartika Husada Setu","Jl. Raya Burangkeng Desa Burangkeng Rt. 001 Rw.06 Kec. Setu",11,NA,5,NA,31,NA,"02182610003","32","3216",2021-08-23 00:12:09,"Non COVID-19"
"48","RS Umum Tiara","Jl. Raya Babelan No. 73 Desa Kebalen Kec. Babelan Kab. Bekasi",0,NA,0,NA,3,NA,"081388871708","32","3216",2021-08-23 00:12:09,"Non COVID-19"
"49","RS Umum Omni Cikarang","Komplek Oasis Kav. 1, Jl. Raya Cikarang Cibarusah, Kelurahan Sukaresmi, Kecamatan Cikarang Selatan.",21,"15 jam",11,"15 jam",16,"15 jam","02129779999","32","3216",2021-08-23 00:12:09,"Non COVID-19"
"50","RS Sito Husada","Jl. KH.Dewantara No.15,Atambua Belu",9,NA,9,NA,31,NA,"hotline tidak tersedia","53","5306",2021-08-23 00:12:13,"Non COVID-19"
"51","RS Umum Daerah  Bengkalis","Jl Kelapapati Tengah No.90, Bengkalis",18,"41 menit",10,"41 menit",28,"41 menit","07667008400","14","1408",2021-08-23 00:12:13,"Non COVID-19"
"52","RS Umum  Permata Hati","Jl Jend. Sudirman No. 37",4,"16 jam",7,NA,17,NA,"081261823811","14","1408",2021-08-23 00:12:13,"Non COVID-19"
"53","RS Umum  Aulia Blitar","Jl. Raya Utara No. 3 Kembangarum, Sutojayan, Kab. Blitar",1,NA,12,NA,14,NA,"0342444168","35","3505",2021-08-23 00:12:17,"Non COVID-19"
"54","RS Umum An-Nisaa","Jl. Suparyono Timur No. 1, Bajang Talun Blitar",1,NA,2,NA,NA,NA,"0342692999","35","3505",2021-08-23 00:12:17,"Non COVID-19"
"55","RS Umum Daerah Dr. R. Soetijono Blora","  Jl. Dr Sutomo No. 42,Blora Jawa Tengah",NA,NA,13,"6 jam",24,"11 jam","0296531118","33","3316",2021-08-23 00:12:17,"Non COVID-19"
"56","RS Umum Daerah Ciawi","Jl. Raya Puncak 479 Ciawi Bogor",3,"36 menit",29,"36 menit",25,"36 menit","082119041792","32","3201",2021-08-23 00:12:18,"Non COVID-19"
"57","RS Umum Annisa","JL. Raya Karanggan No. 02 Puspasari, Citeureup Bogor",2,NA,10,NA,4,NA,"02183710769","32","3201",2021-08-23 00:12:18,"Non COVID-19"
"58","RS Umum Bina Husada","Jl. Mayor Oking Jaya Atmaja KM1 No.101 Cibinong - Bogor",15,NA,7,NA,10,NA,"02187911000","32","3201",2021-08-23 00:12:18,"Non COVID-19"
"59","RS Umum Daerah Cileungsi"," Jl. Raya Cileungsi-Jonggol Km.10 Cileungsi Kab. Bogor",0,"52 menit",8,"52 menit",14,"52 menit","02189934668","32","3201",2021-08-23 00:12:18,"Non COVID-19"
"60","RS Umum Karya Bhakti Pratiwi","Jl. Raya Dramaga KM. 7 Bogor",2,"52 menit",18,"52 menit",14,"52 menit","02518626666","32","3201",2021-08-23 00:12:18,"Non COVID-19"
"61","RS Umum Daerah Tombulilato","  Ds.Inomata jln.Trans Sulawesi Pantai selatan Km. 70",4,"19 jam",2,"18 jam",33,"19 jam","085394107787","75","7504",2021-08-23 00:12:21,"Non COVID-19"
"62","RS Umum Daerah Toto Kabila","Jl.Kesehatan no 25,  kec.Tilongkabila, kab.Bone Bolango",8,"13 jam",8,"13 jam",24,"13 jam","081356906694","75","7504",2021-08-23 00:12:21,"Non COVID-19"
"63","RS Umum  Karanggede Sisma Medika","Jl. Raya Karanggede - Solo KM.1, Boyolali",4,NA,12,NA,30,NA,"0298610600","33","3309",2021-08-23 00:12:22,"Non COVID-19"
"64","RS Umum Daerah Simo","    Jl. Kebon Ijo Ds.Simo Kec.Simo, Boyolali",3,"12 menit",10,"12 menit",23,"12 menit","02763294719","33","3309",2021-08-23 00:12:22,"Non COVID-19"
"65","RS Umum Hidayah Boyolali","Kragilan, Mojosongo, Boyolali",15,"3 jam",17,"3 jam",12,"3 jam","0276324614","33","3309",2021-08-23 00:12:22,"Non COVID-19"
"66","RS Umum Islam Boyolali","Jl. Raya Boyolali Klaten Kemiri Mojosongo",8,NA,12,NA,20,NA,"(0276) 3282158","33","3309",2021-08-23 00:12:22,"Non COVID-19"
"67","RS Umum Daerah H. Hanafie","Jl. Teuku Umar 88  Muara Bungo",12,"11 jam",17,"11 jam",NA,NA,"085378607477","15","1509",2021-08-23 00:12:23,"Non COVID-19"
"68","RS Khusus Bedah RSOP Ciamis","Jl. Raya Ciamis Banjar KM 7 No. 341 RT 16 RW 06 Desa Cijeungjing Kec Cijeungjing",6,NA,3,NA,14,NA,"02657600450","32","3207",2021-08-23 00:12:27,"Non COVID-19"
"69","RS Umum Daerah Cimacan","Jl. Raya Cimacan No.17, Cianjur",7,"35 menit",18,"35 menit",40,"35 menit","02632950771","32","3203",2021-08-23 00:12:27,"Non COVID-19"
"70","RS Umum Daerah Cilacap","Jl. Gatot Subroto 28 Cilacap RT 04 / RW O5",23,"24 jam",45,"24 jam",42,"24 jam","0282533010","33","3301",2021-08-23 00:12:28,"Non COVID-19"
"71","RS Umum Islam Fatimah","Jl. Ir.H.Juanda No.20 Cilacap",19,"1 jam",9,"1 jam",11,"1 jam","0282542396","33","3301",2021-08-23 00:12:28,"Non COVID-19"
"72","RS Umum Daerah Waled"," Jl. Prabu Kiansantang No. 4 Waled, Cirebon",23,"54 menit",14,"54 menit",122,"54 menit","0231661275","32","3209",2021-08-23 00:12:28,"Non COVID-19"
"73","RS Pertamina Cirebon","Jl. Patra Raya Klayan No 1 Cirebon",3,"17 jam",3,"17 jam",5,NA,"08112433338","32","3209",2021-08-23 00:12:28,"Non COVID-19"
"74","RS Umum Mitra Plumbon","Jl. Raya Plumbon Km.11 Cirebon",20,NA,30,NA,39,NA,"0231323100","32","3209",2021-08-23 00:12:28,"Non COVID-19"
"75","RS Umum Sumber Waras","Jl. Urip Sumoharjo No.5 Ciwaringin, Kab. Cirebon",17,"33 menit",22,"32 menit",7,"32 menit","0231341079","32","3209",2021-08-23 00:12:28,"Non COVID-19"
"76","RS Jantung Hasna Medika","Jl. Raden Gilap No 8 Palimanan, Kabupaten Cirebon",5,"35 menit",17,"34 menit",18,"34 menit","0231343405","32","3209",2021-08-23 00:12:28,"Non COVID-19"
"77","RS Grandmed ","Jl Medan km. 25 no. 66 Lubuk Pakam",13,"17 jam",13,"17 jam",24,"17 jam","085358431190","12","1212",2021-08-23 00:12:31,"Non COVID-19"
"78","RS Umum Haji Medan","Jl RS Haji Medan Estate",7,"16 jam",2,"16 jam",26,"16 jam","0616619520","12","1212",2021-08-23 00:12:31,"Non COVID-19"
"79","RS Umum Daerah Sunan Kalijaga"," Jl. Sultan Fatah No. 669/50,Demak",17,NA,11,NA,39,NA,"0291685018","33","3321",2021-08-23 00:12:31,"Non COVID-19"
"80","RS Umum Pelita Anugerah","Jl. Raya Bandung Rejo Km 11,5, Mranggen Demak",9,NA,26,NA,5,NA,"0246725555","33","3321",2021-08-23 00:12:31,"Non COVID-19"
"81","RS Umum Daerah Sultan Fatah Karangawen Demak","Jl. Raya Semarang Purwodadi KM. 21 No. 107 Karangawen Demak",6,NA,16,NA,31,NA,"02476602154","33","3321",2021-08-23 00:12:31,"Non COVID-19"
"82","RS Hj. Fatimah Sulhan PKU Muhammadiyah Demak","Jl. Sultan Hadiwijaya No. 18 Mangunjiwan",12,NA,8,NA,18,NA,"hotline tidak tersedia","33","3321",2021-08-23 00:12:31,"Non COVID-19"
"83","RS Pratama Manggelewa","Jl. Lintas Calabai Desa Doromelo Kecamatan Manggelewa Kabupaten Dompu",NA,NA,NA,NA,29,"17 jam","hotline tidak tersedia","52","5205",2021-08-23 00:12:32,"Non COVID-19"
"84","RS Umum Daerah Kabelota","  Jl. Trans Palu - Donggala Kabonga Besar",2,NA,3,NA,70,"17 jam","082292436055","72","7205",2021-08-23 00:12:32,"Non COVID-19"
"85","RS Umum Daerah Pendau Tambu Kab Donggala","Jl. Mapane Tambu. Kec. Baselang",16,"14 jam",25,"14 jam",14,"14 jam","085341298597","72","7205",2021-08-23 00:12:32,"Non COVID-19"
"86","RS Umum Daerah Massenrempulu Enrekang"," Jl. Jend Sudirman Keppe Enrekang",25,"12 jam",18,"12 jam",20,"12 jam","085342549131","73","7316",2021-08-23 00:12:33,"Non COVID-19"
"87","RS Umum Daerah Fakfak","Jl. Jend Sudirman Fak Fak",8,"13 jam",7,"13 jam",36,"13 jam","082199455159","91","9101",2021-08-23 00:12:33,"Non COVID-19"
"88","RS Umum Intan Husada","Jl. Suherman Nomor 72 Desa Tarogong Kec. Tarogong Kidul",15,"15 jam",8,"15 jam",16,"15 jam","02622247769","32","3205",2021-08-23 00:12:34,"Non COVID-19"
"89","RS Medina","Jl. Raya Wanaraja No. 500 RT. 004 RW. 008 Desa Cinunuk Kec. Wanaraja",NA,NA,NA,NA,9,NA,"hotline tidak tersedia","32","3205",2021-08-23 00:12:34,"Non COVID-19"
"90","RS Umum Muhammad Ali Kasim","Jl.Pangur-Sangir, Kec Dabun Gelang",NA,NA,NA,NA,26,NA,"081360082884","11","1113",2021-08-23 00:12:34,"Non COVID-19"
"91","RS Umum Daerah Sanjiwani Gianyar","    Jl. Ciung Wenara No.2 Gianyar",NA,NA,NA,NA,2,NA,"0361943524","51","5104",2021-08-23 00:12:34,"Non COVID-19"
"92","RS Umum Ari Canti","Jl. Raya Mas Ubud, Kab.Gianyar",1,NA,7,NA,NA,NA,"0361974573","51","5104",2021-08-23 00:12:34,"Non COVID-19"
"93","RS Umum Famili Husada","Jl. Astina Timur No. 8A Samplangan, Kecamatan Gianyar, Kabupaten Gianyar",1,NA,NA,NA,NA,NA,"03618493344","51","5104",2021-08-23 00:12:34,"Non COVID-19"
"94","RS Umum Payangan","Jl. Giri Kesuma BR. Melinggih Payangan Gianyar 80572",3,NA,5,NA,9,NA,"03619088087","51","5104",2021-08-23 00:12:34,"Non COVID-19"
"95","RS Umum Daerah Ibnu Sina Kab. Gresik","Jl. Dr. Wahidin Sudirohusodo No. 243B Gresik",15,"3 jam",29,"3 jam",32,"3 jam","0313951239","35","3525",2021-08-23 00:12:35,"Non COVID-19"
"96","RS Semen Gresik","Jl. R A Kartini No. 280 Kel. Tlogopatut Kec. Gresik, Kab. Gresik",17,"14 jam",15,"14 jam",22,"14 jam","0313987840","35","3525",2021-08-23 00:12:35,"Non COVID-19"
"97","RS Petrokimia Gresik","Jl. Jend. A. Yani No. 69 Kel. Ngipik, Kec. Ngipik, Kab. Gresik",0,NA,1,NA,4,NA,"0313978658","35","3525",2021-08-23 00:12:35,"Non COVID-19"
"98","RS Muhammadiyah Gresik","Jl. KH. Kholil 88, Kel. Kemuteran, Kec. Gresik",8,NA,1,NA,4,NA,"0313981275","35","3525",2021-08-23 00:12:35,"Non COVID-19"
"99","RS Umum Panti Rahayu","Jl. R Suprapto No.6,Purwodadi",49,NA,26,NA,39,NA,"0292421087","33","3315",2021-08-23 00:12:36,"Non COVID-19"
"100","RS Umum Daerah Wonosari","Jl Taman Bakti No. 06 Wonosari",6,"42 menit",15,"42 menit",33,"42 menit","0274391007","34","3403",2021-08-23 00:12:36,"Non COVID-19"
"101","RS Umum Panti Rahayu","Jl Wonosari-Ponjong Km 7 Kelor Karangmojo Gunungkidul",2,NA,2,NA,1,NA,"02742901454","34","3403",2021-08-23 00:12:36,"Non COVID-19"
"102","RS Umum PKU Muhammadiyah Wonosari","Jalan Lingkar Utara Kemorosari II, Piyaman Wonosari Gunungkidul DIY",2,"42 menit",6,"42 menit",4,"40 menit","hotline tidak tersedia","34","3403",2021-08-23 00:12:36,"Non COVID-19"
"103","RS Umum Daerah Saptosari","Karang Jetis Saptosari Gunungkidul",0,"42 menit",6,"42 menit",2,"42 menit","02742910827","34","3403",2021-08-23 00:12:36,"Non COVID-19"
"104","RS Umum Ceria","Jl. Jend. Sudirman No. 10 Hamalau Kandangan",7,"16 jam",15,"16 jam",2,"16 jam","051723865","63","6306",2021-08-23 00:12:38,"Non COVID-19"
"105","RS Umum Daerah  H Damanhuri Barabai","        Jl. Murakata No. 4 Barabai",11,NA,20,NA,41,NA,"085249808800","63","6307",2021-08-23 00:12:38,"Non COVID-19"
"106","RS Syahid Al Irsyad","Jl. Jendral Sudirman No. 240",NA,NA,4,"13 jam",NA,NA,"081313113797","32","3212",2021-08-23 00:12:41,"Non COVID-19"
"107","RS Mitra Plumbon Indramayu","Jl. By Pass Jalan Baru Desa Ujungaris Kec. Widasari Kab. Indramayu",8,"16 jam",18,"16 jam",30,"16 jam","02347142333","32","3212",2021-08-23 00:12:41,"Non COVID-19"
"108","RS Umum Daerah Dr. Soebandi","Jl. Dr. Soebandi No.124, Jember",7,NA,16,NA,60,NA,"0331487441","35","3509",2021-08-23 00:12:43,"Non COVID-19"
"109","RS Perkebunan PTPN X (Persero) Jember","Jl. Bedadung No.2 ",0,NA,0,NA,0,NA,"08113510033","35","3509",2021-08-23 00:12:43,"Non COVID-19"
"110","RS Tk. III Baladhika Husada Jember","Jl. PB Sudirman No. 45 Jember",26,"14 jam",22,"14 jam",25,"15 jam","0331484674","35","3509",2021-08-23 00:12:43,"Non COVID-19"
"111","RS Paru Jember","Jl. Nusa Indah No. 28 Jember",3,"14 jam",11,"14 jam",11,"14 jam","0331411781","35","3509",2021-08-23 00:12:43,"Non COVID-19"
"112","RS Utama Husada Jember","Jl. Manggar No.134 Tegalsari, Ambulu Jember",5,NA,9,NA,24,NA,"0336881186","35","3509",2021-08-23 00:12:43,"Non COVID-19"
"113","RS Daerah Kalisat Jember"," Jl. M.H.Thamrin No.31 Kalisat Jember",2,"1 jam",10,NA,28,NA,"0331593997","35","3509",2021-08-23 00:12:43,"Non COVID-19"
"114","RS Daerah Balung Jember","Jl. Rambipuji nomor 19, Balung Jember",11,"13 jam",19,"14 jam",30,"13 jam","0336621595","35","3509",2021-08-23 00:12:43,"Non COVID-19"
"115","RS Bina Sehat Jember","Jl. Jayanegara 7 Kaliwates Jember",13,"1 jam",23,"1 jam",28,"1 jam","0331422701","35","3509",2021-08-23 00:12:43,"Non COVID-19"
"116","RS Umum Citra Husada Jember","jl. Teratai No. 22 Jember",9,NA,28,NA,19,NA,"0331486200","35","3509",2021-08-23 00:12:43,"Non COVID-19"
"117","RS Ibu dan Anak Srikandi IBI Jember","Jl. KH Agus Salim No. 20",5,NA,10,"16 jam",8,"16 jam","0331335290","35","3509",2021-08-23 00:12:43,"Non COVID-19"
"118","RS Kaliwates Jember","Jl. Diah Pitaloka Nomor 4 Jember",0,NA,9,"16 jam",23,"16 jam","0331483505","35","3509",2021-08-23 00:12:43,"Non COVID-19"
"119","RS Umum Daerah Kelet Provinsi Jawa Tengah","Jl. Raya Kelet KM 33 Jepara",5,"3 jam",6,"3 jam",62,"3 jam","0291597002","33","3320",2021-08-23 00:12:44,"Non COVID-19"
"120","RS Umum Moedjito Dwidjosiswojo","Jl. Hayam Wuruk No. 9",3,NA,6,NA,10,NA,"0321864308","35","3517",2021-08-23 00:12:44,"Non COVID-19"
"121","RS Umum Daerah Dr. H. Soemarno Sosroaatmojo","Jl. Tambun Bungai  No. 16 Kuala Kapuas",2,"1 jam",8,"1 jam",29,"1 jam","051321653","62","6203",2021-08-23 00:12:45,"Non COVID-19"
"122","RS Umum Mojosongo 2","Jln. Nusa Indah , Randurejo, Ngringo, Jaten",3,NA,7,NA,8,NA,"0271822152 ","33","3313",2021-08-23 00:12:46,"Non COVID-19"
"123","RS Umum Daerah Karawang"," Jl. Galuh Mas Raya No.1, Sukaharja, Teluk Jambe, Karawang",20,NA,50,NA,53,NA,"0267640118","32","3215",2021-08-23 00:12:46,"Non COVID-19"
"124","RS Umum Bayukarta","Jl. Kertabumi No.44 Karawang",9,NA,5,NA,10,NA,"0267401817","32","3215",2021-08-23 00:12:46,"Non COVID-19"
"125","RS Umum Karya Husada","Jl. Jend. A.Yani No.98 Cikampek Karawang",2,NA,12,NA,9,"4 jam","081381817189","32","3215",2021-08-23 00:12:46,"Non COVID-19"
"126","RS Umum Delima Asih Sisma Medika","Jl. Wirasaba No.54, Johar - Karawang",5,"14 jam",15,"14 jam",11,"14 jam","0267403073","32","3215",2021-08-23 00:12:46,"Non COVID-19"
"127","RS Umum Citra Sari Husada","Jl. Raya Kosambi -Telaga Sari Km.3 Klari, Karawang ",3,NA,13,"35 menit",13,NA,"02678617972","32","3215",2021-08-23 00:12:46,"Non COVID-19"
"128","RS Umum Daerah Sultan Muhammad Jamaludin I","Jl. Provinsi Sukadana, Teluk Batang, Dusun Senebing RT. 03/ RW.1 Desa Harapan Mulia Kecamatan Su",NA,NA,NA,NA,9,"18 jam","05343031475","61","6111",2021-08-23 00:12:48,"Non COVID-19"
"129","RS Umum Daerah dr. Soedirman Kabupaten Kebumen","Jl. Lingkar Selatan, Muktisari Kebumen",12,"14 jam",19,"14 jam",22,"14 jam","02873873318","33","3305",2021-08-23 00:12:49,"Non COVID-19"
"130","RS Umum Permata Medika Kebumen","JL. INDRAKILA NO.17",8,"1 jam",6,"1 jam",12,"1 jam","02873870779","33","3305",2021-08-23 00:12:49,"Non COVID-19"
"131","RS Umum Palang Biru Gombong","Jl. Yos Sudarso Timur Desa Kedungpuji Gombong",10,NA,10,NA,20,NA,"0287471290","33","3305",2021-08-23 00:12:49,"Non COVID-19"
"132","RS Umum Wijayakusuma","Jl. Gelatik No.1 Panjer, Kebumen",0,"13 jam",8,"13 jam",3,"13 jam","0287381954","33","3305",2021-08-23 00:12:49,"Non COVID-19"
"133","RS Umum Purbowangi","Jl. Yos Sudarso Barat No.1 Gombong",1,"17 jam",3,"17 jam",15,"17 jam","0287471080","33","3305",2021-08-23 00:12:49,"Non COVID-19"
"134","RS Umum PKU Muhammadiyah Sruweng","Jl. Raya Sruweng No.5 Sruweng Kebumen",12,"42 menit",19,"42 menit",35,"42 menit","02876601061","33","3305",2021-08-23 00:12:49,"Non COVID-19"
"135","RS Umum Purwogondo"," Jl. Puring Km.8, Kalipurwo Kuwarasan Kebumen ",NA,NA,5,"1 jam",9,"1 jam","0287472588","33","3305",2021-08-23 00:12:49,"Non COVID-19"
"136","RS Umum PKU Muhammadiyah Petanahan Kebumen","Jl. Daendels, KM-1, Kec.Petanahan.",1,"1 jam",3,"1 jam",3,"1 jam","02876655285","33","3305",2021-08-23 00:12:49,"Non COVID-19"
"137","RS Umum Muhammadiyah Kutowinangun ","Jl. Pemuda No 12 Kutowinangun",8,"2 jam",NA,NA,4,"2 jam","0287661137","33","3305",2021-08-23 00:12:49,"Non COVID-19"
"138","RS Umum Muhammadiyah Surya Melati ","Jl. Raya Ngadiluwih - Wates km. 10, Ds. Ngletih, Kec. Kandat, Kab, Kediri",4,NA,4,NA,16,"20 jam","0354441748","35","3506",2021-08-23 00:12:49,"Non COVID-19"
"139","RS Umum Charlie Hospital","Dusun Balak RT 001 RW 006 Desa Ngabean Kec. Boja Kab. Kendal",12,"14 jam",8,"14 jam",15,"14 jam","02486005000","33","3324",2021-08-23 00:12:49,"Non COVID-19"
"140","RS Umum Daerah Kepahiang","Jl. Lintas Kepahiang-Bengkulu KM 03 Desa Tebat Monok Kepahiang",9,NA,18,NA,75,NA,"081368083882","17","1708",2021-08-23 00:12:50,"Non COVID-19"
"141","RS Umum Liun Kendage"," Jalan Tatehe Kelurahan Apengsembeka Kecamatan Tahuna",10,NA,41,NA,45,NA,"043224410","71","7103",2021-08-23 00:12:51,"Non COVID-19"
"142","RS Umum Pusat Dr. Soeradji Tirtonegoro","Jl. KRT. Suraji Tirtonegoro No.1, Klaten",NA,NA,24,NA,NA,NA,"0272321020","33","3310",2021-08-23 00:12:53,"Non COVID-19"
"143","RS Jiwa Daerah Dr. RM. Soedjarwadi","Jalan Ki Pandanaran Km. 2, Klaten",2,NA,2,NA,45,NA,"0272321435","33","3310",2021-08-23 00:12:53,"Non COVID-19"
"144","RS Umum Islam Klaten","Jl. Raya Klaten Solo KM 4,Klaten",4,"15 jam",2,"22 jam",6,"22 jam","0272322252","33","3310",2021-08-23 00:12:53,"Non COVID-19"
"145","RS Umum Cakra Husada","Jl. Merbabu No. 7,Klaten",8,NA,12,NA,8,NA,"0272321123","33","3310",2021-08-23 00:12:53,"Non COVID-19"
"146","RS Umum PKU Muhammadiyah Delanggu","Jln Raya Delanggu Utara No 19 Delanggu Klaten",3,NA,4,NA,31,NA,"0272551051","33","3310",2021-08-23 00:12:53,"Non COVID-19"
"147","RS Umum Islam Cawas Klaten","Jl. Raya Tugu-Cawas Klaten ",2,"41 menit",1,"40 menit",9,"40 menit","02723359222","33","3310",2021-08-23 00:12:53,"Non COVID-19"
"148","RS Umum Mitra Keluarga Husada Klaten","Jl.  Raya Pedan - Juwiring Km. 1 Kedungan, Pedan, Klaten",0,"16 jam",2,"16 jam",19,"16 jam","0272898333","33","3310",2021-08-23 00:12:53,"Non COVID-19"
"149","RS Umum Daerah Bagas Waras","  Jalan Ir. Soekarno Km 2 Buntalan Klaten ",1,"17 jam",NA,NA,10,"17 jam","0272335966","33","3310",2021-08-23 00:12:53,"Non COVID-19"
"150","RS PKU Muhammadiyah Pedan","Jl. Pedan-Cawas KM. 01 Sobayan Pedan Klaten",6,"14 jam",5,"14 jam",20,"14 jam","0272897796 ","33","3310",2021-08-23 00:12:53,"Non COVID-19"
"151","RS Umum Grha Bhakti Medika","Jl. By Pass Prof. Dr. Ida Bagus Mantra Desa Negari Kec. Banjarangkan",NA,NA,6,"17 jam",25,"17 jam","03665584001","51","5105",2021-08-23 00:12:53,"Non COVID-19"
"152","RSKD Provinsi Maluku","Jl. Laksdya Leo Wattimena Ambon",3,NA,3,NA,58,"16 jam","hotline tidak tersedia","81","8171",2021-08-23 00:12:56,"Non COVID-19"
"153","RS Tk. II Dr. R. Hardjanto","Jl. Tanjungpura VI Balikpapan",10,"16 jam",5,"16 jam",6,"16 jam","0542414333","64","6471",2021-08-23 00:12:56,"Non COVID-19"
"154","RS Ibu dan Anak Sayang Ibu","Jl. Wain No.33 Kebun Sayur Balikpapan",3,NA,11,NA,3,NA,"05428506629 ","64","6471",2021-08-23 00:12:56,"Non COVID-19"
"155","RS Umum Balikpapan Baru","Jl. MT.Haryono Komplek Perumahan Balikpapan Baru Blok A.3A No.7-9",6,"16 jam",7,"16 jam",NA,NA,"0542877330","64","6471",2021-08-23 00:12:56,"Non COVID-19"
"156","RS Umum Daerah  Dr. Zainoel Abidin","Jl. Tgk Daud Beureueh, NO. 108 B. Aceh",54,"58 menit",76,"58 menit",197,"58 menit","065134571","11","1171",2021-08-23 00:12:56,"Non COVID-19"
"157","RS Bhayangkara Banda Aceh","Jl. Cut Nyak Dhien No. 23, Lamteumen Barat Banda Aceh",194,NA,346,NA,524,NA,"065141470","11","1171",2021-08-23 00:12:56,"Non COVID-19"
"158","RS Umum Daerah Dr H Abdul Moeloek","Jl. Dr. Rivai 6,Penengahan B.Lampung",17,"37 menit",46,"37 menit",107,"37 menit","0721703312","18","1871",2021-08-23 00:12:57,"Non COVID-19"
"159","RS Ibu dan Anak Santa Anna","Jl.Hasanuddin no.27 Telukbetung",2,"22 jam",1,"22 jam",4,"22 jam","081278947422","18","1871",2021-08-23 00:12:57,"Non COVID-19"
"160","RS Umum Pusat Dr. Hasan Sadikin","Jl. Pasteur No. 38 Bandung",23,"41 menit",32,"41 menit",101,"41 menit","0222551189","32","3273",2021-08-23 00:12:57,"Non COVID-19"
"161","RS Umum Immanuel Bandung","Jl. Kopo 161 Bandung",14,NA,40,NA,28,NA,"081312620066","32","3273",2021-08-23 00:12:57,"Non COVID-19"
"162","RS Umum Bungsu","Jl. Veteran No. 6 Bandung",2,NA,9,NA,15,"15 jam","0224231695","32","3273",2021-08-23 00:12:57,"Non COVID-19"
"163","RS Ibu dan Anak Limijati","Jl. LLRE. Martadinata No. 39 Kota Bandung",11,NA,9,NA,10,NA,"0224207770 ","32","3273",2021-08-23 00:12:57,"Non COVID-19"
"164","RS Khusus Mata Cicendo","Jl. Cicendo No.4 Bandung",21,"42 menit",14,"42 menit",24,"42 menit","0224231280","32","3273",2021-08-23 00:12:57,"Non COVID-19"
"165","RS Paru Dr. H. A. Rotinsulu","Jl. Bukit Jarian No. 40 Bandung",2,NA,18,NA,9,NA,"022-203446 Ext. 225","32","3273",2021-08-23 00:12:57,"Non COVID-19"
"166","RS Ibu dan Anak Kota Bandung","Jl. KH. Wahid Hasyim No. 311 Bandung",14,NA,17,NA,25,NA,"02286037777","32","3273",2021-08-23 00:12:57,"Non COVID-19"
"167","RS Umum Daerah Kota Bandung","Jl. Rumah Sakit 22 Ujung Berung, Kota Bandung",NA,NA,13,"11 jam",4,"18 jam","0227800017","32","3273",2021-08-23 00:12:57,"Non COVID-19"
"168","RS Umum Santosa Hospital Bandung Central","Jl. Kebon Jati No.38,Bandung",18,NA,11,NA,16,NA,"087822773207","32","3273",2021-08-23 00:12:57,"Non COVID-19"
"169","RS Ibu dan Anak Harapan Bunda Bandung","Jl. Pluto Raya Blok C Margahayu Raya, Buah Batu, Kota Bandung",6,"5 jam",6,"10 jam",NA,NA,"0227506490","32","3273",2021-08-23 00:12:57,"Non COVID-19"
"170","RS Ibu dan Anak Al Islam ","Jl. Awibitung No. 29-31 Kelurahan Cicadas Kecamatan Cibeunying Kidul ",1,"16 jam",3,"4 jam",NA,NA,"0227208284","32","3273",2021-08-23 00:12:57,"Non COVID-19"
"171","RS Edelweiss","Jl. Soekarno Hatta No. 550 Kel. Sekejati Kec. Buahbatu",9,NA,13,NA,12,NA,"02286023000","32","3273",2021-08-23 00:12:57,"Non COVID-19"
"172","RS Umum Mitra Idaman","Jl. Sudiro W No.57 Kota Banjar",10,NA,9,NA,15,NA,"hotline tidak tersedia","32","3279",2021-08-23 00:12:57,"Non COVID-19"
"173","RS TNI-AU Tk. IV Syamsudin Noor","Jl. Hercules No. 17 Banjarbaru",NA,NA,10,NA,6,NA,"085245002003","63","6372",2021-08-23 00:12:58,"Non COVID-19"
"174","RS Umum Mawar ","Jl. Panglima Batur ",4,"12 jam",8,"12 jam",10,"12 jam","081352587014","63","6372",2021-08-23 00:12:58,"Non COVID-19"
"175","RS Umum Daerah Ulin Banjarmasin","Jl. Jen A Yani No.43, Banjarmasin Kalimantan Selatan",85,"18 jam",10,"18 jam",195,"18 jam","05113252180","63","6371",2021-08-23 00:12:58,"Non COVID-19"
"176","RS Umum Suaka Insan","Jl. H. Zafri Zamzam 60 Banjarmasin",16,"16 jam",30,"16 jam",7,"16 jam","05113353335","63","6371",2021-08-23 00:12:58,"Non COVID-19"
"177","RS Islam Banjarmasin","Jl. Letjend S. Parman No. 88, Banjarmasin",7,NA,13,NA,7,NA,"05113354896","63","6371",2021-08-23 00:12:58,"Non COVID-19"
"178","RS Umum Daerah Dr. H. Moch. Ansari Saleh","Jl Brigjend H. Hasan Basry No.1, Banjarmasin",10,NA,12,"18 jam",8,NA,"081348034332","63","6371",2021-08-23 00:12:58,"Non COVID-19"
"179","RS Umum Sari Mulia","Jl. Pangeran Antasari No 139 Banjarmasin",7,"14 jam",3,"14 jam",9,"14 jam","05113261491","63","6371",2021-08-23 00:12:58,"Non COVID-19"
"180","RS Umum Daerah Pangeran Jaya Sumitra","Jl. Brigjend. H. Hasan Basri No.57 Kotabaru",1,NA,11,NA,20,NA,"051821118","63","6302",2021-08-23 00:12:58,"Non COVID-19"
"181","RS Baptis Batu","Jln. Raya Panglima Sudirman No. 33 Desa Tlekung Kec. Junrejo Kota Batu",17,"15 jam",15,"15 jam",21,"15 jam","0341594161","35","3579",2021-08-23 00:12:59,"Non COVID-19"
"182","RS Umum Daerah Kota Bau Bau","Jl. Drs. H. La Ode Manarfa",8,"22 jam",16,"22 jam",36,"22 jam","08114030600","74","7472",2021-08-23 00:13:00,"Non COVID-19"
"183","RS Umum Daerah dr. Chasbullah Abdulmadjid","Jl. Pramuka No. 55 Bekasi",NA,NA,NA,NA,NA,NA,"02188951312","32","3275",2021-08-23 00:13:00,"Non COVID-19"
"184","RS Umum Pondok Gede","Jl. Raya Jatiwaringin 1 RT 01 RW 11 Kel. Jatiwaringin Kec. Pondok gede",NA,NA,18,"11 jam",11,"11 jam","085213529991","32","3275",2021-08-23 00:13:00,"Non COVID-19"
"185","RS Umum Bella","Jl. Ir. H .Juanda No. 141, Bekasi",2,NA,15,NA,16,NA,"0218801778","32","3275",2021-08-23 00:13:00,"Non COVID-19"
"186","RS Umum Ummi","Jln. Hibrida Raya No. 01 RT 23 RW 08",24,NA,4,NA,14,"36 menit","073624832","17","1771",2021-08-23 00:13:00,"Non COVID-19"
"187","RS Umum Bidadari","Jl Perintis Kemerdekaan No. 174",33,NA,53,NA,26,NA,"085260987773","12","1276",2021-08-23 00:13:01,"Non COVID-19"
"188","RS Katolik Budi Rahayu","Jl. Jend. A. Yani 18 Kota Blitar",6,NA,24,NA,13,NA,"0342801066","35","3572",2021-08-23 00:13:01,"Non COVID-19"
"189","RS Umum Aminah","Jl.Veteran No.39 Kelurahan Kepanjen Kidul Kota Blitar",7,NA,9,NA,26,"56 menit","0342816304","35","3572",2021-08-23 00:13:01,"Non COVID-19"
"190","RS Ibu dan Anak Sawojajar","Jl. Sawojajar No, 9 Bogor Tengah Kota Bogor",1,"13 jam",3,"13 jam",13,"13 jam","087778324371","32","3271",2021-08-23 00:13:02,"Non COVID-19"
"191","RS Umum Siloam Hospitals Bogor","Jl. Pajajaran No. 27 Bogor Tengah, Kota Bogor",13,"15 jam",NA,NA,19,"15 jam","02518303900","32","3271",2021-08-23 00:13:02,"Non COVID-19"
"192","RS Umum Daerah Kota Bogor"," Jl. Dr. Sumeru 120 Kota Bogor",45,"15 jam",19,"15 jam",29,"15 jam","02518312292","32","3271",2021-08-23 00:13:02,"Non COVID-19"
"193","RS Umum Hermina Bogor","Jl. Ring Road I Kav. 23,25,27 Perum Taman Yasmin Bogor",20,"16 jam",22,"16 jam",12,"16 jam","02518382525","32","3271",2021-08-23 00:13:02,"Non COVID-19"
"194","RS Umum Melania","Jl. Pahlawan No.91, Kota Bogor",8,NA,10,"15 jam",15,"15 jam","02518321196","32","3271",2021-08-23 00:13:02,"Non COVID-19"
"195","RS Islam Bontang","Jl. Brigjen Katamso No.40",13,"55 menit",16,"55 menit",7,"55 menit","054820003","64","6474",2021-08-23 00:13:02,"Non COVID-19"
"196","RS Tk. IV Bukittinggi","Jl. Jend. Sudirman 37 Bukittinggi",NA,NA,10,"14 jam",9,"14 jam","07528100746","13","1375",2021-08-23 00:13:02,"Non COVID-19"
"197","RS Umum Ibnu Sina Bukittinggi","Jl. Batang Agam, Belakang Balok ",16,"6 jam",19,"4 jam",36,"6 jam","075221185","13","1375",2021-08-23 00:13:02,"Non COVID-19"
"198","RS Kurnia","Jl. Jombang Masjid No.4, Cilegon",21,"42 menit",22,"42 menit",27,"41 menit","087885829059","36","3672",2021-08-23 00:13:03,"Non COVID-19"
"199","RSUP Sanglah","Jl. Diponegoro Denpasar Bali",12,"1 jam",28,"1 jam",50,"1 jam","0361226363","51","5171",2021-08-23 00:13:03,"Non COVID-19"
"200","RS Umum Kasih Ibu","Jl. Teuku Umar 120,Denpasar",1,NA,NA,NA,NA,NA,"03613003030","51","5171",2021-08-23 00:13:03,"Non COVID-19"
"201","RS Umum Puri Raharja","Jl. WR Supratman 14 ",9,NA,3,NA,15,NA,"0361222013","51","5171",2021-08-23 00:13:03,"Non COVID-19"
"202","RS Umum Bhakti Rahayu","Jl. Gatot Subroto II /11 Denpasar",2,NA,5,NA,9,NA,"0361430270","51","5171",2021-08-23 00:13:03,"Non COVID-19"
"203","RS Ibu dan Anak Harapan Bunda","Jl. Tukad Unda No. 1 Denpasar",6,"15 jam",4,"15 jam",6,"15 jam","0361265532-33","51","5171",2021-08-23 00:13:03,"Non COVID-19"
"204","RS Umum Bhakti Yudha","Jl. Raya Sawangan No. 2A Depok",10,"16 jam",23,"16 jam",11,"16 jam","087889239146","32","3276",2021-08-23 00:13:04,"Non COVID-19"
"205","RS Umum Tugu Ibu","Jl. Raya Bogor Km 29 Cimanggis - Depok",2,"19 jam",20,"19 jam",24,"19 jam","0218708268","32","3276",2021-08-23 00:13:04,"Non COVID-19"
"206","RS Ibu dan Anak Tumbuh Kembang","Jl. Raya Bogor Km.31 No.23 Cimanggis Kota Depok",0,NA,0,NA,0,NA,"0218701873","32","3276",2021-08-23 00:13:04,"Non COVID-19"
"207","RS Umum Meilia","Jl. Alternatif Cibubur KM. 1, Kel. Harjamukti, Cimanggis, Kota Depok",23,"14 jam",20,"14 jam",30,"14 jam","0218451717","32","3276",2021-08-23 00:13:04,"Non COVID-19"
"208","RS Umum Daerah Kota Depok"," Jl. Raya Muchtar No. 99 Sawangan ",23,NA,13,NA,49,NA,"082298661201","32","3276",2021-08-23 00:13:04,"Non COVID-19"
"209","RS Ibu dan Anak Setya Bhakti","Jl. Raya Bogor KM.30 Kel. Mekarsari Kec. Cimanggis",0,"40 menit",8,"40 menit",2,"40 menit","0218711518","32","3276",2021-08-23 00:13:04,"Non COVID-19"
"210","RS Umum Bunda Aliyah","Jl. Kartini No. 2 RT. 001 RW. 009 Kelurahan Depok Kecamatan Pancoran Mas",0,NA,11,NA,28,NA,"0895365535370","32","3276",2021-08-23 00:13:04,"Non COVID-19"
"211","RS Jiwa Dr. Soeharto Heerjan","Jl. Prof.Dr.Latumeten No. 1 Jakarta Barat",10,NA,10,NA,7,NA,"0215630605","31","3174",2021-08-23 00:13:05,"Non COVID-19"
"212","RS Anak dan Bunda Harapan Kita","Jl. Let.Jend. S Parman Kav. 87 Slipi Jakbar",21,NA,31,NA,40,NA,"hotline tidak tersedia","31","3174",2021-08-23 00:13:05,"Non COVID-19"
"213","RS Jantung dan Pembuluh Darah Harapan Kita","Jl. S. Parman Kav 87, Slipi",37,NA,12,NA,37,NA,"0215682424","31","3174",2021-08-23 00:13:05,"Non COVID-19"
"214","RS Umum Daerah Kecamatan Kalideres","Jalan Satu Maret No. 48Kelurahan Pegadungan, Kecamatan Kalideres, Jakarta Barat",NA,NA,NA,NA,NA,NA,"08118462766","31","3174",2021-08-23 00:13:05,"Non COVID-19"
"215","RSUPN Dr. Cipto Mangunkusumo","Jl. Diponegoro 71 Jakarta Pusat",10,"1 jam",23,"1 jam",52,"1 jam","0213924268","31","3173",2021-08-23 00:13:05,"Non COVID-19"
"216","RS Umum Primaya Evasari Hospital","Jl. Rawamangun No. 47, Rawasari, Cempaka Putih, Jakarta Pusat",7,"19 jam",6,"19 jam",3,"19 jam","hotline tidak tersedia","31","3173",2021-08-23 00:13:05,"Non COVID-19"
"217","RS Umum Menteng Mitra Afia","Jl. Kalipasir No.9 Jakarta Pusat",7,NA,NA,NA,4,"16 jam","hotline tidak tersedia","31","3173",2021-08-23 00:13:05,"Non COVID-19"
"218","RS Umum Daerah Kemayoran","Jl. Serdang Baru I  Kel. Serdang Kec. Kemayoran",NA,NA,NA,NA,20,"34 menit","0214251005","31","3173",2021-08-23 00:13:05,"Non COVID-19"
"219","RSUP Fatmawati","Jl. RS Fatmawati Cilandak,Jaksel",31,"33 menit",64,"33 menit",75,"33 menit","021 7501524 / 7660552","31","3171",2021-08-23 00:13:05,"Non COVID-19"
"220","RS Ibu dan Anak Budhi Jaya","Jl. Dr. Sahardjo 120, Jaksel",4,NA,2,NA,6,NA,"hotline tidak tersedia","31","3171",2021-08-23 00:13:05,"Non COVID-19"
"221","RS Umum Mayapada","Jalan Lebak Bulus I. Kav. 29",0,NA,0,NA,13,NA,"hotline tidak tersedia","31","3171",2021-08-23 00:13:05,"Non COVID-19"
"222","RS Umum Daerah Kecamatan Tebet"," Jl. Prof. Soepomo, SH No. 54 Kelurahan Tebet Barat Kecamatan Tebet 12810",NA,NA,NA,NA,16,"34 menit","0218314955","31","3171",2021-08-23 00:13:05,"Non COVID-19"
"223","RS Umum Daerah Pesanggrahan","Jalan Cenek I no. 1 Pesanggrahan",NA,NA,NA,NA,29,"58 menit","0217356087","31","3171",2021-08-23 00:13:05,"Non COVID-19"
"224","RS Umum Daerah Mampang Prapatan","Jl. Kapten P. Tendean No. 9A Jakarta Selatan",NA,NA,NA,NA,12,"34 menit","0217971115","31","3171",2021-08-23 00:13:05,"Non COVID-19"
"225","RS Umum Daerah Pasar Minggu","JL. TB. SIMATUPANG NO. 1 KELURAHAN RAGUNAN, KECAMATAN PASAR MINGGU - JAKARTA SELATAN",19,NA,8,NA,25,NA,"087826861686","31","3171",2021-08-23 00:13:05,"Non COVID-19"
"226","RS Ketergantungan Obat","Jl. Lapangan Tembak No 75 
Kelurahan Cibubur 
Kecamatan  Ciracas 
Jakarta Timur 13720",2,"43 menit",3,"43 menit",7,"43 menit","02187711969","31","3172",2021-08-23 00:13:06,"Non COVID-19"
"227","RSUP Persahabatan","Jl. Persahabatan Raya No. 1,Jaktim",40,"43 menit",21,"43 menit",69,"43 menit","089638516606","31","3172",2021-08-23 00:13:06,"Non COVID-19"
"228","RS Umum Harum","Jl. Tarum Barat, Kalimalang",13,"15 jam",17,"15 jam",17,"15 jam","0218617212","31","3172",2021-08-23 00:13:06,"Non COVID-19"
"229","RS Umum Yadika","Jl. Pahlawan Revolusi No.47 Pondok Bambu Jaktim",10,NA,9,NA,10,NA,"0218615754","31","3172",2021-08-23 00:13:06,"Non COVID-19"
"230","RSK Pusat Otak Nasional","Jl MT Haryono Kav 11, Kelurahan Cawang, Kecamatan Kramat Jati, Jakarta Timur",3,NA,8,NA,12,NA,"02122040055","31","3172",2021-08-23 00:13:06,"Non COVID-19"
"231","RS Umum Daerah Cipayung","Jl. Mini III RT 04 RW 03 Bambu Apus Cipayung",NA,NA,NA,NA,25,"33 menit","02185506222","31","3172",2021-08-23 00:13:06,"Non COVID-19"
"232","RS Umum Mulyasari","Jl. Raya Plumpung Semper No.19 RT.006/RW.015, Jakarta Utara ",13,"2 jam",21,"2 jam",23,"2 jam","02143931111","31","3175",2021-08-23 00:13:06,"Non COVID-19"
"233","RS Bhayangkara Jambi","Jl. Raden Mathaher No.03 Jambi",21,NA,14,NA,17,"18 jam","074134409","15","1571",2021-08-23 00:13:06,"Non COVID-19"
"234","RS Umum Santa Theresia","Jl. Dr. Sutomo No.19 Jambi",11,"14 jam",7,"14 jam",10,"14 jam","074123119","15","1571",2021-08-23 00:13:06,"Non COVID-19"
"235","RS Umum Daerah H. Abdul Manap","Jl. SK.Rd.Syahbuddin Kel. Mayang Mangurai Kec.Kota Baru Jambi",19,"16 jam",39,"16 jam",84,"16 jam","07415910180","15","1571",2021-08-23 00:13:06,"Non COVID-19"
"236","RS Umum Baiturahim Jambi","Jl. Prof. M. Yamin SH, No. 30 Kel. Lebak Bandung",12,"15 jam",9,"15 jam",21,"15 jam","074135165","15","1571",2021-08-23 00:13:06,"Non COVID-19"
"237","RS Umum Daerah H. Abdurrahman Sayoeti","Jl. KH. Hasan Anang No. 33 Kel. Olak Kemang Kec. Danau Teluk Kota Jambi",NA,NA,NA,NA,8,"19 jam","081214965245","15","1571",2021-08-23 00:13:06,"Non COVID-19"
"238","RS TK. IV 05.07.02 Kediri","Jl. Mayjen Sungkono No. 44, Kota Kediri",9,"15 jam",9,"15 jam",34,"15 jam","0354687801","35","3571",2021-08-23 00:13:07,"Non COVID-19"
"239","RS Umum Ratih","Jl. Penanggungan No.32, Kota Kediri",8,NA,9,NA,40,NA,"0354779500","35","3571",2021-08-23 00:13:07,"Non COVID-19"
"240","RS Umum Aliyah II","Jl. Buburanda Korumba - Mandonga Kendari Sulawesi Tenggara",2,"16 jam",5,"16 jam",20,"16 jam","082116987801","74","7471",2021-08-23 00:13:07,"Non COVID-19"
"241","RS TNI AL Lantamal VII Kupang","Jl. Yos Sudarso No. 5 Osmok, Kel Namosain Kec.Alak, Kupang",23,"16 jam",NA,NA,NA,NA,"082236733397","53","5371",2021-08-23 00:13:08,"Non COVID-19"
"242","RS Kartini","Jl. Frans Seda No. 17",2,"13 jam",6,"13 jam",7,"13 jam","0380831270","53","5371",2021-08-23 00:13:08,"Non COVID-19"
"243","RS Umum Daerah Langsa","Jl. Ahmad Yani No.1  Kec. Langsa Kota",13,"56 menit",85,"56 menit",76,"56 menit","064122800","11","1173",2021-08-23 00:13:08,"Non COVID-19"
"244","RS Tk. IV Lhokseumawe Aceh Utara","Jl. Samudra No.53A Kp Jawa Kec. Banda Sakti Lhokseumawe AUT",0,"17 jam",8,"17 jam",12,"17 jam","082275830041","11","1174",2021-08-23 00:13:08,"Non COVID-19"
"245","RS Ibu dan Anak Dwi Sari","Jl. Yos Sudarso No. 2 ",2,NA,3,NA,8,NA,"081272068450","16","1674",2021-08-23 00:13:09,"Non COVID-19"
"246","RS Umum Daerah Dr. Soedono Madiun","Jl. Dr. Soetomo 59, Madiun",8,"1 jam",6,"1 jam",56,"1 jam","082139645425","35","3577",2021-08-23 00:13:09,"Non COVID-19"
"247","RS Umum Daerah Tidar","Jl. Tidar No.30 A, Kota Magelang",6,NA,56,NA,75,"3 jam","0293362260","33","3371",2021-08-23 00:13:09,"Non COVID-19"
"248","RS Jiwa Prof. Dr. Soerojo"," Jl. Jenderal Ahmad Yani 169 Magelang",17,"43 menit",8,"43 menit",3,"43 menit","0293363601","33","3371",2021-08-23 00:13:09,"Non COVID-19"
"249","RS Umum Lestari Raharja","Jl. Sutopo No.5,Magelang",4,"18 jam",0,"18 jam",0,"18 jam","0293363223","33","3371",2021-08-23 00:13:09,"Non COVID-19"
"250","RS Stella Maris","Jl. Somba Opu No.273 Makassar",33,NA,9,NA,54,"37 menit","081340604910","73","7371",2021-08-23 00:13:10,"Non COVID-19"
"251","RS Dr. Tadjuddin Chalid, MPH","Jl. Paccerakkang No.67 / Pajjaiang Daya Makassar",25,"36 menit",13,"36 menit",36,"36 menit","081144404545","73","7371",2021-08-23 00:13:10,"Non COVID-19"
"252","RSUP Dr. Wahidin Sudirohusodo","      Jl. Perintis Kemerdekaan Km.11 Makasar",60,"35 menit",116,"35 menit",160,"35 menit","0411584675","73","7371",2021-08-23 00:13:10,"Non COVID-19"
"253","RS Grestelina","Jl. Hertasning Raya No.52 Makassar",23,"18 jam",26,"17 jam",35,"18 jam","hotline tidak tersedia","73","7371",2021-08-23 00:13:10,"Non COVID-19"
"254","RS Universitas Hasanuddin","Jl. Perintis Kemerdekaan KM 11 Tamalanrea",NA,NA,NA,NA,NA,NA,"0411591331","73","7371",2021-08-23 00:13:10,"Non COVID-19"
"255","RS Umum Daerah Dr. Saiful Anwar","Jl. Jaksa Agung Suprapto No. 2 Malang",19,NA,30,NA,19,NA,"0341362101","35","3573",2021-08-23 00:13:10,"Non COVID-19"
"256","RS Umum Panti Waluya Sawahan Malang","Jl. Nusakambangan No.56 Kota Malang",31,"17 jam",21,"17 jam",17,"17 jam","0341366033","35","3573",2021-08-23 00:13:10,"Non COVID-19"
"257","RS Ibu dan Anak Muhammadiyah Malang","Jl. KH. Wahid Hasyim NO. 30 Malang",2,NA,9,NA,7,NA,"0341326222","35","3573",2021-08-23 00:13:10,"Non COVID-19"
"258","RS Islam Malang","Jl. MT. Haryono No. 139 Malang",1,"1 jam",12,"1 jam",20,"1 jam","0341570400","35","3573",2021-08-23 00:13:10,"Non COVID-19"
"259","RSUP Prof. Dr. R. D. Kandou","Jl. Raya Tanawangko No.56, Manado",65,"37 menit",139,"37 menit",150,"37 menit","082196305119","71","7171",2021-08-23 00:13:11,"Non COVID-19"
"260","RS Jiwa Mutiara Sukma","  Jl. A Yani no. 1 Selagalas Cakranegara, Mataram",5,NA,4,"17 jam",21,"17 jam","hotline tidak tersedia","52","5271",2021-08-23 00:13:11,"Non COVID-19"
"261","RS Umum Daerah Dr. Pirngadi","Jl Prof H M Yamin SH No. 47, Medan",41,NA,62,NA,139,NA,"hotline tidak tersedia","12","1275",2021-08-23 00:13:11,"Non COVID-19"
"262","RS Bhayangkara Tingkat II","Jl KH Wahid Hasyim No.1, Medan",0,NA,12,NA,25,NA,"081361462147","12","1275",2021-08-23 00:13:11,"Non COVID-19"
"263","RS AL Dr. Komang Makes Belawan","Jl. Bengkalis Belawan No.1 Medan",4,NA,3,NA,9,NA,"081261840632","12","1275",2021-08-23 00:13:11,"Non COVID-19"
"264","RS Jiwa Prof. Dr. Muhammad Ildrem","Jl Let. Jend. Jamin Ginting S Km. 10/ Jl. Tali Air No. 21 Kel. Mangga Kec. Medan Tuntungan",14,"5 jam",34,"5 jam",121,"5 jam","hotline tidak tersedia","12","1275",2021-08-23 00:13:11,"Non COVID-19"
"265","RS Umum Siti Hajar","Jl Letjend Jamin Ginting No.2, Medan",1,NA,10,NA,18,NA,"082217401119","12","1275",2021-08-23 00:13:11,"Non COVID-19"
"266","RSUP H. Adam Malik","Jl Bunga Lau No. 17, Medan",50,"34 menit",21,"34 menit",85,"34 menit","0618363000","12","1275",2021-08-23 00:13:11,"Non COVID-19"
"267","RS Umum Sufina Azis","Jl Karya Baru No.1,Medan",7,"39 menit",6,"39 menit",42,"39 menit","081376497039","12","1275",2021-08-23 00:13:11,"Non COVID-19"
"268","RS Kamar Medika","Jl. Empunala No.351, Kel. Kedundung, Kec. Magersari, Kota Mojokerto",4,"6 jam",8,"6 jam",16,"6 jam","0321330066","35","3576",2021-08-23 00:13:12,"Non COVID-19"
"269","RSUP Dr. M. Djamil","Jl. Perintis Kemerdekaan Padang",28,NA,62,NA,126,NA,"082175066250","13","1371",2021-08-23 00:13:12,"Non COVID-19"
"270","RS Umum Yos Sudarso","Jl. Situjuh No. 1,Padang",2,"16 jam",6,"16 jam",11,"16 jam","081224601299","13","1371",2021-08-23 00:13:12,"Non COVID-19"
"271","RS Bhayangkara Padang","Jl. Jati No.I Padang",NA,NA,3,"37 menit",14,"37 menit","082387422450","13","1371",2021-08-23 00:13:12,"Non COVID-19"
"272","RS Umum Daerah Padang Panjang","Jl. Tabek Gadang Kelurahan Ganting Kec.Padang Panjang Timur Kota Padang Panjang",6,"36 menit",10,"36 menit",13,"36 menit","08116667118","13","1374",2021-08-23 00:13:13,"Non COVID-19"
"273","RS Umum Ibnu Sina Padang Panjang","Jl. Sukarno. Hatta,Padang Panjang",3,"1 jam",22,"11 jam",20,"1 jam","085274551137","13","1374",2021-08-23 00:13:13,"Non COVID-19"
"274","RS Umum Pusat Dr. Mohammad Hoesin Palembang","Jl. Jendral Sudirman KM 3,5 Palembang",29,"12 jam",23,"12 jam",128,"12 jam","0711354088","16","1671",2021-08-23 00:13:14,"Non COVID-19"
"275","RS Umum Pertamina Palembang","Komplek Pertamina Plaju, Palembang",9,NA,10,NA,7,NA,"0711597444","16","1671",2021-08-23 00:13:14,"Non COVID-19"
"276","RS Umum Charitas Hospital Palembang","Jl. Sudirman 1054 Palembang",18,"22 jam",29,"22 jam",26,"22 jam","082177013867","16","1671",2021-08-23 00:13:14,"Non COVID-19"
"277","RS Jiwa Ernaldi Bahar Provinsi Sumatera Selatan","Jl. Tembus Terminal No. 02, KM. 12 Kecamatan Alang Alang Lebar Kota Palembang",23,NA,17,NA,80,NA,"07115645123","16","1671",2021-08-23 00:13:14,"Non COVID-19"
"278","RS Muhammadiyah Palembang","Jl. A. Yani 13 Ulu, Palembang",13,"1 jam",13,"1 jam",43,"1 jam","0711511446","16","1671",2021-08-23 00:13:14,"Non COVID-19"
"279","RS Khusus Paru Palembang","Jl. Merdeka No.10,Palembang",2,"16 jam",6,"16 jam",14,"16 jam","0711352010","16","1671",2021-08-23 00:13:14,"Non COVID-19"
"280","RS Ibu dan Anak Az-Zahra Palembang","Jl.Brigjend Hasan Kasim No. 1-2 Kel. Bukit Sangkal Kec. Kalidoni Palembang",NA,NA,8,NA,6,NA,"0711822723","16","1671",2021-08-23 00:13:14,"Non COVID-19"
"281","RS Umum Daerah Siti Fatimah Provinsi Sumatera Sela","Jl. Kol. H. Burlian Km 6 ",NA,NA,NA,NA,NA,NA,"07115718889","16","1671",2021-08-23 00:13:14,"Non COVID-19"
"282","RS Umum Daerah Gandus Palembang","Jl. Sofyan Kenawas Gandus Palembang",NA,NA,NA,NA,32,"18 jam","081377666447","16","1671",2021-08-23 00:13:14,"Non COVID-19"
"283","RS Umum Bintang Laut Palopo","Jl. KH. M. Kasim No. 5 Palopo",2,NA,18,NA,20,NA,"085225356180","73","7373",2021-08-23 00:13:14,"Non COVID-19"
"284","RS Umum St. Madyang","JL. Andi Kambo NO.87 ",8,"34 menit",12,"34 menit",30,"34 menit","hotline tidak tersedia","73","7373",2021-08-23 00:13:14,"Non COVID-19"
"285","RS Umum Anutapura Palu","Jl. Kangkung No. 1 Palu",15,"16 jam",13,"16 jam",60,"16 jam","085242816072","72","7271",2021-08-23 00:13:14,"Non COVID-19"
"286","RS Umum Ibnu Sina Kota Payakumbuh","Jl.Pemuda No 14 Payakumbuh",15,"7 jam",24,"7 jam",23,"2 jam","075292222","13","1376",2021-08-23 00:13:16,"Non COVID-19"
"287","RS Umum Karomah Holistic","Jl. Gajah Mada Barat No.124,Pekalongan",6,"1 jam",14,"1 jam",24,"1 jam","0285420218","33","3375",2021-08-23 00:13:16,"Non COVID-19"
"288","RS Tk. IV Pekanbaru","Jl Kesehatan No 2 Pekanbaru",4,"21 jam",12,NA,10,"21 jam","hotline tidak tersedia","14","1471",2021-08-23 00:13:17,"Non COVID-19"
"289","RS Santa Maria Pekanbaru","Jl Ahmad Yani No. 68 Rt/Rw 001/001 Kel.Pulau Karam Kec. Sukajadi",2,"14 jam",2,NA,14,"14 jam","076122213","14","1471",2021-08-23 00:13:17,"Non COVID-19"
"290","RS Umum  Bina Kasih","Jl Samanhudi No.3-5,Pekanbaru",2,"16 jam",11,"16 jam",2,"16 jam","076132195","14","1471",2021-08-23 00:13:17,"Non COVID-19"
"291","RS Umum  Awal Bros Pekanbaru","Jl Sudirman No.117 Pekanbaru",5,"14 jam",2,"14 jam",4,"14 jam","08117079090","14","1471",2021-08-23 00:13:17,"Non COVID-19"
"292","RS Awal Bros A. Yani","Jl A. Yani No. 73",2,"21 jam",20,"21 jam",13,"21 jam","076121000","14","1471",2021-08-23 00:13:17,"Non COVID-19"
"293","RS Umum  Awal Bros Panam","Jl HR. Soebrantas No 88 Panam",5,"15 jam",1,"15 jam",12,"15 jam","0761586888","14","1471",2021-08-23 00:13:17,"Non COVID-19"
"294","RS Umum  Aulia Hospital","Jl HR Soebrantas No 63",12,"1 jam",33,"1 jam",31,"1 jam","07616700000","14","1471",2021-08-23 00:13:17,"Non COVID-19"
"295","RS Umum Daerah Dr. Soedarso Pontianak","Jl. dr. Soedarso No.1 Pontianak",5,"14 jam",12,NA,132,"14 jam","0561737701","61","6171",2021-08-23 00:13:17,"Non COVID-19"
"296","RS Umum Daerah dr. Mohamad Saleh Kota Probolinggo","  Jl. Mayjend Panjaitan No.65 Kota Probolinggo",12,"34 menit",11,"34 menit",21,"34 menit","085231229303","35","3574",2021-08-23 00:13:18,"Non COVID-19"
"297","RS Ibu dan Anak Amanah","Jln dr Moh. Saleh No. 43 Kota Probolinggo",8,NA,14,NA,3,NA,"0335423487","35","3574",2021-08-23 00:13:18,"Non COVID-19"
"298","RS Paru Dr. Ario Wirawan","      Jl. Hasanudin No.806,Salatiga",NA,NA,NA,NA,NA,NA,"0298313514","33","3373",2021-08-23 00:13:18,"Non COVID-19"
"299","RS Ibu dan Anak Hermina Mutiara Bunda","jl. Merak no.8",0,NA,4,NA,1,"17 jam","0298328873","33","3373",2021-08-23 00:13:18,"Non COVID-19"
"300","RS Umum Dirgahayu","Jl. Gn. Merbabu No.62 Samarinda",13,NA,38,NA,23,NA,"0541742161","64","6472",2021-08-23 00:13:19,"Non COVID-19"
"301","RS Jiwa Atma Husada Mahakam","Jl. Kakap No.23 Samarinda",5,"38 menit",14,"38 menit",29,"38 menit","0541743364","64","6472",2021-08-23 00:13:19,"Non COVID-19"
"302","RS Umum Daerah Inche Abdoel Moeis","Jl. H.A.M.M Rifaddin, Kel. Harapan Baru, Kec. Loa Janan Ilir, Samarinda ",0,"1 jam",4,"1 jam",6,"1 jam","05417269005","64","6472",2021-08-23 00:13:19,"Non COVID-19"
"303","RS Umum Daerah KORPRI Provinsi Kalimantan Timur","Jl. Kesuma Bangsa No. 1B",3,"18 jam",4,"18 jam",10,"18 jam","081155858800","64","6472",2021-08-23 00:13:19,"Non COVID-19"
"304","RS Ibu dan Anak Plamongan Indah","jl. kelapa gading raya no. 52 semarang",2,"15 jam",6,"15 jam",6,"15 jam","0246711771","33","3374",2021-08-23 00:13:20,"Non COVID-19"
"305","RS Umum Pusat Dr. Kariadi","Jl. Dr. Soetomo No.16,Semarang",40,"38 menit",26,"37 menit",99,"37 menit","0248414281","33","3374",2021-08-23 00:13:20,"Non COVID-19"
"306","RS Umum St. Elisabeth Semarang","Jl. Kawi No.1,Semarang",16,NA,24,NA,16,NA,"0248310076","33","3374",2021-08-23 00:13:20,"Non COVID-19"
"307","RS Umum Telogorejo Semarang","Jl. KH. Ahmad Dahlan Semarang",5,"21 jam",5,"21 jam",6,"21 jam","02486466000","33","3374",2021-08-23 00:13:20,"Non COVID-19"
"308","RS Umum Roemani Muhammadiyah","Jl. Wonodri No. 22,Semarang",58,NA,26,NA,31,NA,"0248444623","33","3374",2021-08-23 00:13:20,"Non COVID-19"
"309","RS Umum Panti Wilasa Citarum","Jl. Citarum No 98 Semarang",50,"37 menit",26,"37 menit",11,"37 menit","024-3542224","33","3374",2021-08-23 00:13:20,"Non COVID-19"
"310","RS Jiwa Daerah  Dr. Amino Gondohutomo","Jl. Brigjen Sudiarto No. 347, Pedurungan, Kota Semarang",8,"38 menit",9,"38 menit",35,"38 menit","0246722565","33","3374",2021-08-23 00:13:20,"Non COVID-19"
"311","RS Panti Wilasa ","Jl. Dr. Cipto 50, Bugangan, Semarang Timur",8,"39 menit",21,"39 menit",13,"39 menit","08156696040","33","3374",2021-08-23 00:13:20,"Non COVID-19"
"312","RS Umum Banyumanik","Jl. Bina Remaja Srondol No.61,Semarang",0,"14 jam",4,"14 jam",7,"14 jam","0247471519","33","3374",2021-08-23 00:13:20,"Non COVID-19"
"313","RS Umum Daerah KRMT Wongsonegoro","  Jl. Fatmawati Raya No.1",7,"34 menit",44,"34 menit",133,"34 menit","1500219","33","3374",2021-08-23 00:13:20,"Non COVID-19"
"314","RS Umum Daerah Kota Subulussalam","  Jl. Hamzah Fansyuri (Subulussalam-Rundeng) Kec. Simpang Kiri Kota Subulussalam Aceh 24782",1,NA,10,NA,NA,NA,"085260077824","11","1175",2021-08-23 00:13:21,"Non COVID-19"
"315","RS Umum Kartika Kasih"," Jl. Jenderal Ahmad Yani No.18A, Kota Sukabumi",23,NA,24,"17 jam",11,"17 jam","02666250905","32","3272",2021-08-23 00:13:21,"Non COVID-19"
"316","RS Adi Husada Undaan","Jl. Undaan Wetan No. 40-44, Surabaya",13,NA,0,NA,16,NA,"0315355555","35","3578",2021-08-23 00:13:22,"Non COVID-19"
"317","RS Umum Islam Surabaya Jemursari ","Jl. Jemursai 51 - 57, Surabaya ",12,"1 jam",19,"1 jam",20,"1 jam","031-8471877","35","3578",2021-08-23 00:13:22,"Non COVID-19"
"318","RS Umum Haji Surabaya"," Jl. Manyar Kertoadi  Surabaya",4,NA,22,NA,31,NA,"0315924000","35","3578",2021-08-23 00:13:22,"Non COVID-19"
"319","RS Umum Daerah dr. Mohamad Soewandhie","Jl. Tambakrejo No. 45-47 Surabaya",7,"21 jam",32,"21 jam",40,"21 jam","0313717141","35","3578",2021-08-23 00:13:22,"Non COVID-19"
"320","RS Ibu dan Anak Pura Raharja","Jl. Pucang Adi No.12 - 14 Surabaya",13,"13 jam",15,"13 jam",12,"13 jam","0315019898","35","3578",2021-08-23 00:13:22,"Non COVID-19"
"321","RS Mata Masyarakat Jawa Timur"," JL. Gayung Kebonsari Timur No 49 Surabaya",2,"15 jam",8,"15 jam",19,"15 jam","03182010000","35","3578",2021-08-23 00:13:22,"Non COVID-19"
"322","RS Umum Daerah Dr. Moewardi Surakarta","  Jl. Kol Sutarto 132,Surakarta",55,NA,58,NA,91,NA,"0271642642","33","3372",2021-08-23 00:13:22,"Non COVID-19"
"323","RS Umum Panti Waluyo","Jl. Jend A Yani No.1",13,"1 jam",13,"1 jam",23,"1 jam","0271712077","33","3372",2021-08-23 00:13:22,"Non COVID-19"
"324","RS Umum PKU Muhammadiyah Surakarta","Jl. Ronggowarsito 130, Surakarta",34,NA,17,NA,24,NA,"0271714578","33","3372",2021-08-23 00:13:22,"Non COVID-19"
"325","RS Umum Islam Kustati","Jl. Kapt. Mulyadi No.249",12,NA,28,NA,40,NA,"0271643013","33","3372",2021-08-23 00:13:22,"Non COVID-19"
"326","RS  Mayapada","Jl. Honoris Raya Kav.6 Tangerang",17,NA,15,NA,12,NA,"081211901057","36","3671",2021-08-23 00:13:23,"Non COVID-19"
"327","RS Umum Daerah Kota Tangerang","Jl Pulau Puteri Raya Perumahan Modernland",NA,NA,NA,NA,85,"14 jam","02129720200","36","3671",2021-08-23 00:13:23,"Non COVID-19"
"328","RS Tiara ","JALAN BERINGIN RAYA NO.3,4,5 KEL.NUSA JAYA. KEC.KARAWACI",NA,NA,NA,NA,0,"2 jam","02129238000","36","3671",2021-08-23 00:13:23,"Non COVID-19"
"329","RS Umum Daerah Tarakan","Jl P. Irian No. 01 Skip Tarakan",27,"21 jam",23,"21 jam",48,"21 jam","085251493366","65","6571",2021-08-23 00:13:23,"Non COVID-19"
"330","RS Umum Jasa Kartini","Jl. Otto Iskandar Dinata No 15",4,NA,12,NA,28,NA,"08112163983","32","3278",2021-08-23 00:13:24,"Non COVID-19"
"331","RS Umum Tasik Medika Citratama (TMC)","Jl. H.Z. Mustofa No. 310 Cihideung Kota Tasikmalaya",30,"16 jam",6,"16 jam",26,"16 jam","0265323555","32","3278",2021-08-23 00:13:24,"Non COVID-19"
"332","RS Ibu dan Anak Widaningsih","JL. Sutisna Senjaya No 130 Tawang Kota Tasikmalaya",4,"15 jam",7,"15 jam",8,"15 jam","0265334154","32","3278",2021-08-23 00:13:24,"Non COVID-19"
"333","RS Umum Permata Bunda","Jl. HR. Wasita Kusumah No. 1 Indihiang Kota Tasikmalaya",2,NA,2,NA,0,NA,"08112118830","32","3278",2021-08-23 00:13:24,"Non COVID-19"
"334","RS Umum Panti Rapih","Jl. Cik Di Tiro 30 Yogyakarta",6,NA,10,NA,19,NA,"0274552118","34","3471",2021-08-23 00:13:26,"Non COVID-19"
"335","RS Bethesda Yogyakarta","Jl Jend. Sudirman No. 70 Kotabaru Yogyakarta",18,NA,35,NA,34,NA,"0274586688","34","3471",2021-08-23 00:13:26,"Non COVID-19"
"336","RS Ibu dan Anak Harapan Bunda","JL Kudus Jepara km 4 garung lor kaliwungu Kudus",3,"17 jam",7,"17 jam",14,"17 jam","082328594821","33","3319",2021-08-23 00:13:27,"Non COVID-19"
"337","RS Umum Mardi Rahayu","Jl. AKBP R Agil 110,Kudus",3,NA,4,NA,8,NA,"0291434707","33","3319",2021-08-23 00:13:27,"Non COVID-19"
"338","RS Umum Daerah Wates","Jl Tentara Pelajar Km.1 No.5 Wates Kulon Progo",16,NA,16,NA,27,"1 jam","0274773169","34","3401",2021-08-23 00:13:28,"Non COVID-19"
"339","RS Umum Rizki Amalia","Jl Wates-Purworejo Km.10, Kalidengen, Temon, KP",7,"42 menit",NA,NA,12,"42 menit","02747721568","34","3401",2021-08-23 00:13:28,"Non COVID-19"
"340","RS Umum Daerah Nyi Ageng Serang","Jl Sentolo - Muntilan KM 0,3",3,NA,15,NA,8,NA,"02742890181","34","3401",2021-08-23 00:13:28,"Non COVID-19"
"341","RS Umum Daerah 45 Kuningan","Jl. Jendral Sudirman No. 68 Kuningan",9,NA,NA,NA,26,NA,"0232871885","32","3208",2021-08-23 00:13:28,"Non COVID-19"
"342","RS Umum Wijaya Kusumah","Jl. RE Martadinata No. 172 Kab. Kuningan",9,NA,11,"16 jam",5,"16 jam","0232871565","32","3208",2021-08-23 00:13:28,"Non COVID-19"
"343","RS Umum Juanda","Jl. Ir. H. Juanda No. 207, Kuningan",20,"15 jam",NA,NA,NA,NA,"0232876433","32","3208",2021-08-23 00:13:28,"Non COVID-19"
"344","RS Umum Daerah Linggajati Kuningan","Jl. Bandorasa - Cilimus No.36 Kec.Cilimus  Kab. Kuningan",8,NA,22,NA,23,NA,"0232614884","32","3208",2021-08-23 00:13:28,"Non COVID-19"
"345","RS Umum KMC Luragung","Dusun Rahayu RT.002/001 Desa Cirahayu Kec. Luragung Kab. Kuningan",5,"21 jam",20,"21 jam",49,"21 jam","02328900112","32","3208",2021-08-23 00:13:28,"Non COVID-19"
"346","RS Jantung Hasna Medika Kuningan","Jl. Raya Cigugur Lingkungan Manis RT. 030 RW. 011 Kecamatan Cigugur",4,"36 menit",6,"35 menit",7,"35 menit","02328611111","32","3208",2021-08-23 00:13:28,"Non COVID-19"
"347","RS Mitra Husada Ciawigebang","Jl Raya Siliwangi No. 151 Ciawigebang",NA,NA,5,NA,15,NA,"0232878560","32","3208",2021-08-23 00:13:28,"Non COVID-19"
"348","RS Islam Nashrul Ummah","  Jl. Merpati No.62, Lamongan",9,"17 jam",16,"17 jam",19,"17 jam","0322321522","35","3524",2021-08-23 00:13:31,"Non COVID-19"
"349","RS Muhammadiyah Babat","Jl. KH. Ahmad Dahlan No. 14 Babat, Lamongan ",6,"1 jam",5,"1 jam",21,"1 jam","0322451391","35","3524",2021-08-23 00:13:31,"Non COVID-19"
"350","RS Umum Harapan Bunda","  Jl. Raya Lintas Sumatera, Seputih Jaya No.31, Kec. Gunung Sugih, Kab. Lampung Tengah",2,"58 menit",2,"58 menit",15,"57 menit","082186233531","18","1805",2021-08-23 00:13:32,"Non COVID-19"
"351","RS Ibu Anak Puri Adhya Paramita","Jl. SULTAN AGUNG NO. 5 BANDAR JAYA - TERBANGGI BESAR ",4,NA,5,NA,8,NA,"0725529399","18","1805",2021-08-23 00:13:32,"Non COVID-19"
"352","RS Umum Az - Zahra","Jl. Kartini No. 109 Kalirejo , Kec. Kalirejo,",22,"16 jam",23,"16 jam",37,"16 jam","0729370089","18","1805",2021-08-23 00:13:32,"Non COVID-19"
"353","RS Umum Daerah May Jen HM Ryacudu","Jl. Jend.Sudirman No.2 Kotabumi",7,"16 jam",25,"16 jam",57,"16 jam","072422095","18","1806",2021-08-23 00:13:32,"Non COVID-19"
"354","RS Candimas Medical Center","Jl. Alamsyah Ratu Perwira Negara No. 47 Kotabumi Selatan",3,NA,9,"18 jam",18,"18 jam","082181549355","18","1806",2021-08-23 00:13:32,"Non COVID-19"
"355","RS Medika Insani","Jl. Sumber Jaya No. 667 Desa Tanjung Baru Kecamatan Bukit Kemuning Kabupaten Lampung Utara",7,NA,7,"17 jam",8,NA,"085279410025","18","1806",2021-08-23 00:13:32,"Non COVID-19"
"356","RS Umum Daerah Lebong","Desa Muning Agung Kecamatan Lebong Sakti",NA,NA,NA,NA,NA,NA,"082281280910","17","1707",2021-08-23 00:13:34,"Non COVID-19"
"357","RS Umum Daerah Patut Patuh Patju","Jl. H. Lalu Anggrat BA No. 2 Gerung",NA,NA,NA,NA,10,NA,"0370681321","52","5201",2021-08-23 00:13:35,"Non COVID-19"
"358","RS Daerah Dr. Haryoto Kabupaten Lumajang","  Jl. Basuki Rahmat No.5, Lumajang",NA,NA,4,"34 menit",4,"34 menit","0334881666","35","3508",2021-08-23 00:13:36,"Non COVID-19"
"359","RS Wijaya Kusuma","Jl. A. Yani No.149 Lumajang",2,"15 jam",0,"15 jam",19,"15 jam","085236384331","35","3508",2021-08-23 00:13:36,"Non COVID-19"
"360","RS Djatiroto","Jl. PB. Sudirman 81  RT 03 RW 01, Dsn. Krajan Desa Kaliboto Lor Kec. Jatiroto, Kab. Lumajang",4,"43 menit",7,"43 menit",NA,NA,"0334321004","35","3508",2021-08-23 00:13:36,"Non COVID-19"
"361","RS Islam Lumajang","Jl. Kyai Muksin nomor 19 Kelurahan Tompokersan Kec. Lumajang Kab. Lumajang",8,"15 jam",3,"15 jam",17,"15 jam","0334887999","35","3508",2021-08-23 00:13:36,"Non COVID-19"
"362","RS Umum Daerah Pasirian Kabupaten Lumajang","Jl. Raya Pasirian No. 225A. Kec. Pasirian",NA,NA,4,"16 jam",23,"16 jam","03345761044","35","3508",2021-08-23 00:13:36,"Non COVID-19"
"363","RS Umum Daerah Majalengka"," Jl. Kesehatan No.77 Majalengka",10,"34 menit",20,"34 menit",68,"34 menit","0233281043","32","3210",2021-08-23 00:13:38,"Non COVID-19"
"364","RS Umum Daerah Cideres","Jl. Raya Cideres - Kadipaten No. 180 Bojong Cideres Dawuan ",4,"43 menit",34,"43 menit",7,"43 menit","0233661003","32","3210",2021-08-23 00:13:38,"Non COVID-19"
"365","RS Bedah Budi Kasih","Jl. Raya Majalengka - Kadipaten Km.7 no 84",10,NA,4,NA,6,NA,"0233511522","32","3210",2021-08-23 00:13:38,"Non COVID-19"
"366","RS Ibu dan Anak Mitra Plumbon Majalengka","Jl. Raya Barat Pasar Prapatan No. 109 ",3,NA,1,NA,0,NA,"hotline tidak tersedia","32","3210",2021-08-23 00:13:38,"Non COVID-19"
"367","RS Bala Keselamatan Bokor","Jl. A.Yani 91 Turen , Kab.Malang",3,NA,17,NA,27,NA,"0341824002","35","3507",2021-08-23 00:13:39,"Non COVID-19"
"368","RS Jiwa Dr. Radjiman Wediodiningrat Lawang","Jl. A. Yani, Lawang, Malang, Jawa Timur ",9,"4 jam",52,"4 jam",73,"4 jam","0341426015","35","3507",2021-08-23 00:13:39,"Non COVID-19"
"369","RS Umum Daerah Kanjuruhan Kepanjen Kab. Malang","Jl. Panji No. 100 Kepanjen, Kab. Malang",6,NA,21,NA,52,NA,"0341395041","35","3507",2021-08-23 00:13:39,"Non COVID-19"
"370","RS Marsudi Waluyo","Jl. Raya Mondoroko Km. 09, RT 004 RW 003 Desa Purwoasri, Kec. Singosari, Kab. Malang",2,"13 jam",0,"13 jam",8,"13 jam","0341458974","35","3507",2021-08-23 00:13:39,"Non COVID-19"
"371","RS Umum Wava Husada ","Jl. Panglima Sudirman No. 99A, Dilem, Kec. Kepanjen, Kab. Malang",16,NA,12,NA,19,NA,"0341393000","35","3507",2021-08-23 00:13:39,"Non COVID-19"
"372","RS Angkatan Udara dr. Mohammad Moenir","Jl. Dr. M. Munir No.18 Lanud Abd. Saleh, Desa Saptorenggo Kec. Pakis Kab, Malang",5,"14 jam",10,"14 jam",12,"14 jam","0341792273","35","3507",2021-08-23 00:13:39,"Non COVID-19"
"373","RS Umum Kasih Bunda Jaya Nanga Pinoh","Jl. Juang KM 2 Desa Tanjung Niaga Kecamatan Nanga Pinoh",5,NA,4,NA,4,NA,"hotline tidak tersedia","61","6110",2021-08-23 00:13:46,"Non COVID-19"
"374","RS Umum Daerah Kolonel Abundjani/Bangko","Jl. Kesehatan No.20, Bangko",13,"18 jam",16,"18 jam",37,"18 jam","07462145921118","15","1502",2021-08-23 00:13:47,"Non COVID-19"
"375","RS Umum Puri Husadatama","desa Simpang Pematang kecamatan Simpang Pematang",2,NA,3,NA,7,NA,"07267758104","18","1811",2021-08-23 00:13:47,"Non COVID-19"
"376","RSU Ratatotok Buyat","   JL. J.W. Lasut Ratatotok II Kecamatan Ratatotok",7,"1 jam",10,"1 jam",33,"1 jam","085395560706","71","7109",2021-08-23 00:13:49,"Non COVID-19"
"377","RS Umum Sumberglagah Mojokerto"," Dsn. Sumberglagah Ds. Tanjungkenongo Kec. Pacet Mojokerto",7,"16 jam",12,"16 jam",33,"16 jam","0321690441","35","3516",2021-08-23 00:13:50,"Non COVID-19"
"378","RS Mutiara Hati Mojokerto","Jl. Raya Kemantren Wetan No.49, Desa Terusan, Kecamatan Gedeg, Kab. Mojokerto",6,"15 jam",4,"15 jam",7,"15 jam","0321363442","35","3516",2021-08-23 00:13:50,"Non COVID-19"
"379","RS Umum Dian Husada","Jl. Raya Gemekan No. 77 Desa Gemekan Kec. Sooko Kab. Mojokerto",16,"13 jam",13,"13 jam",4,"13 jam","0321327771","35","3516",2021-08-23 00:13:50,"Non COVID-19"
"380","RS Ibu dan Anak Karunia Indah Medika","Jl. Mayor Tjik Agus Kiemas Lintas Kepur Muara Enim",3,"15 jam",NA,NA,NA,NA,"081273373378","16","1603",2021-08-23 00:13:51,"Non COVID-19"
"381","RS Umum Daerah Ahmad Ripin","Jl. Lintas Timur Komp. Perkantoran Bukit Cinto Kenang",10,"16 jam",31,"16 jam",30,"16 jam","0741590056","15","1505",2021-08-23 00:13:51,"Non COVID-19"
"382","RS Umum Daerah Sungai Bahar","Jl. Soekarno Hatta Desa Suka Makmur Kecamatan Sungai Bahar Kabupaten Muaro Jambi",7,"14 jam",14,"14 jam",44,"14 jam","085269986022","15","1505",2021-08-23 00:13:51,"Non COVID-19"
"383","RS Umum Daerah Sekayu","Jl. Kol. Wahid Udin Lingkungan I Kel. Kayuara Kec. Sekayu Kab.Musi Banyuasin",9,"15 jam",31,NA,50,NA,"07143330203","16","1606",2021-08-23 00:13:53,"Non COVID-19"
"384","RS Umum Daerah Sungai Lilin","Jl. Palembang-Jambi Km.117 Kecamatan Sungai Lilin",NA,NA,NA,NA,37,NA,"08127273339","16","1606",2021-08-23 00:13:53,"Non COVID-19"
"385","RS Umum Bhayangkara Tk. III Nganjuk","Jl. Abdul Rahman Saleh 56, Kauman, Kabupaten Nganjuk",15,NA,15,NA,14,NA,"0358321896","35","3518",2021-08-23 00:13:56,"Non COVID-19"
"386","RS Islam Aisyiyah Nganjuk","Jl. Imam Bonjol No. 20 Nganjuk",1,"8 jam",11,"2 jam",8,"8 jam","0358324024","35","3518",2021-08-23 00:13:56,"Non COVID-19"
"387","RS Umum Daerah dr. M. Thomsen Nias","Jl dr. Ciptomangunkusumo No. 15 Gunungsitoli",7,NA,33,NA,74,NA,"063921271","12","1201",2021-08-23 00:13:56,"Non COVID-19"
"388","RS Umum Santo Antonio Baturaja","Jl. Garuda No.3 KM.3 Desa Tanjung Baru, Kec. Baturaja Timur",15,NA,22,NA,32,"34 menit","0735320395","16","1601",2021-08-23 00:13:58,"Non COVID-19"
"389","RS Umum Daerah Martapura","Jl. Adiwiyata Simpang Lengot Kota Baru Kecamatan Martapura",7,"17 jam",15,NA,27,"17 jam","07354840084","16","1609",2021-08-23 00:13:59,"Non COVID-19"
"390","RS Umum Panti Bhaktiningsih","Tegalrejo Belitang Kab. OKU Timur",10,"18 jam",20,"18 jam",22,"18 jam","0735450066","16","1609",2021-08-23 00:13:59,"Non COVID-19"
"391","RS Umum Daerah  dr. Darsono","Jl. Ahmad Yani 51 Pacitan",NA,NA,NA,NA,12,NA,"0357881410","35","3501",2021-08-23 00:13:59,"Non COVID-19"
"392","RS Umum Medical Mandiri Pacitan","Jl. Suruhan Sirnoboyo Kec. Pacitan Kab. Pacitan Jawa Timur",2,"15 jam",2,NA,23,NA,"0357883989","35","3501",2021-08-23 00:13:59,"Non COVID-19"
"393","RS Umum Mohammad Noer Pamekasan","JL. Bonorogo 17 Pamekasan Madura",NA,NA,10,"1 jam",24,"1 jam","0324322594","35","3528",2021-08-23 00:14:01,"Non COVID-19"
"394","RS Umum Daerah Pandega Pangandaran","Jl. Merdeka Desa Pananjung Kec.Pangandaran Kab. Pangandaran",NA,NA,NA,NA,NA,NA,"02657503045","32","3218",2021-08-23 00:14:02,"Non COVID-19"
"395","RS AU dr. Dody Sardjoto","Jl. By Pass Bandar Udara Internasional Sultan Hasanuddin ",6,NA,NA,NA,NA,NA,"4118954384","73","7309",2021-08-23 00:14:02,"Non COVID-19"
"396","RS Prima Husada","Jl. Raya Surabaya Malang KM 54 Lemahbang Kecamatan Sukorejo",30,"16 jam",29,"16 jam",4,"16 jam","03436745000","35","3514",2021-08-23 00:14:04,"Non COVID-19"
"397","RS Umum Daerah RAA Soewondo"," Jl. Dr Soesanto  No. 114",14,NA,24,"39 menit",82,"39 menit","082295005505 ","33","3318",2021-08-23 00:14:04,"Non COVID-19"
"398","RS Umum Islam Pati","Jl. Raya Pati-Tayu KM.18Waturoyo Margoyoso Pati",13,"43 menit",30,"43 menit",23,"44 menit","0295452316","33","3318",2021-08-23 00:14:04,"Non COVID-19"
"399","RS Umum Daerah Kayen Pati","Jl. Rumah Sakit No.1 Kayen Pati",10,"43 menit",6,"43 menit",24,"43 menit","02955503662","33","3318",2021-08-23 00:14:04,"Non COVID-19"
"400","RS Umum As-Suyuthiyyah ","Jl. Raya Juwana - Tayu Km. 7 Guyangan Trangkil Pati Jawa Tengah ",2,"13 jam",5,"13 jam",4,"13 jam","085226000210","33","3318",2021-08-23 00:14:04,"Non COVID-19"
"401","RS Umum Daerah Kraton Kab. Pekalongan","  Jl. Veteran 31,Pekalongan",5,"1 jam",4,"1 jam",5,"1 jam","0285421621","33","3326",2021-08-23 00:14:05,"Non COVID-19"
"402","RS Umum Daerah Kajen Kab. Pekalongan","Jl. Raya Karangsari Karanganyar Kab. Pekalongan",10,NA,4,NA,68,"22 menit","081229355569","33","3326",2021-08-23 00:14:05,"Non COVID-19"
"403","RS Ibu dan Anak Aisyiyah Pekajangan Pekalongan","Jl. Raya Pekajangan No. 610",11,"1 jam",5,"1 jam",13,"1 jam","0285785909","33","3326",2021-08-23 00:14:05,"Non COVID-19"
"404","RS Umum Daerah Dr. M. Ashari Pemalang"," Jl. Gatot Subroto No.41,Pemalang",16,"58 menit",23,"58 menit",23,"57 menit","0284321614","33","3327",2021-08-23 00:14:05,"Non COVID-19"
"405","RS Umum Daerah Talang Ubi","Jl. Lingkar Handayani Kel. Handayani Mulia Kec. Talang Ubi",NA,NA,NA,NA,8,"17 jam","0713390566","16","1612",2021-08-23 00:14:06,"Non COVID-19"
"406","RS Umum Aisyiyah Ponorogo","Jl. Dr Sutomo 18 - 24, Ponorogo",5,NA,13,NA,5,NA,"0352461560","35","3502",2021-08-23 00:14:09,"Non COVID-19"
"407","RS Umum Muhammadiyah Ponorogo","Jl. Diponegoro No. 50 Ponorogo",5,NA,25,NA,32,NA,"0352485928","35","3502",2021-08-23 00:14:09,"Non COVID-19"
"408","RS Umum Muslimat Ponorogo","Jl. Jend. A. Yani 155, Ponorogo",NA,NA,12,"1 jam",15,"1 jam","0352481986","35","3502",2021-08-23 00:14:09,"Non COVID-19"
"409","RS Umum Mitra Husada","Jl. Jend.A.Yani No.14 Pringsewu,Kab.Pringsewu",6,NA,34,"15 jam",16,"15 jam","081279036111","18","1810",2021-08-23 00:14:10,"Non COVID-19"
"410","RS Umum Surya Asih","Jl. A. Yani No.51, Pringsewu",13,NA,14,NA,7,NA,"085273345287","18","1810",2021-08-23 00:14:10,"Non COVID-19"
"411","RS Umum Wisma Rini Pringsewu","Jl. Wisma Rini No.1 Pringsewu",8,"14 jam",13,"14 jam",30,"14 jam","072921096","18","1810",2021-08-23 00:14:10,"Non COVID-19"
"412","RS Umum Daerah Pulang Pisau","Jl. W.A.D Duha Komplek Perkantoran Kab. Pulang Pisau  Provinsi Kalimantan Tengah",7,"13 jam",10,"13 jam",29,"13 jam","085245749601","62","6210",2021-08-23 00:14:10,"Non COVID-19"
"413","RS Umum Daerah Panti Nugroho","Jl. Soekarno Hatta KM 2, Karang Manyar, Kalimanah, Purbalingga",0,"16 jam",13,"16 jam",17,"16 jam","02818901558","33","3303",2021-08-23 00:14:12,"Non COVID-19"
"414","RS Ibu dan Anak Ummu Hani","Jl. D I Panjaitan No 40 A Purbalingga Jawa Tengah",6,NA,12,NA,20,NA,"0281891373","33","3303",2021-08-23 00:14:12,"Non COVID-19"
"415","RS Umum Daerah Bayu Asih","Jl. Veteran No. 39 Purwakarta",9,NA,15,NA,3,"34 menit","0264200100","32","3214",2021-08-23 00:14:12,"Non COVID-19"
"416","RS Umum Siloam Purwakarta","Jl. Bungursari No.1, Purwakarta",26,"16 jam",20,"16 jam",4,"16 jam","02648628911","32","3214",2021-08-23 00:14:12,"Non COVID-19"
"417","RS Umum Rama Hadi","Kp. Cimaung RT 17/04 Desa Ciwangi Kec. Bungursari Kab. Purwakarta",10,"1 jam",7,"1 jam",8,"1 jam","0264202136","32","3214",2021-08-23 00:14:12,"Non COVID-19"
"418","RS Ibu dan Anak Dian","Jl. Raya Cibogo Hilir Kec. Plered Kab. Purwakarta",5,"17 jam",1,"17 jam",10,"17 jam","087812653989","32","3214",2021-08-23 00:14:12,"Non COVID-19"
"419","RS Umum Holistic Purwakarta","Jl. Terusan Kapten Halim KM.09 Salamulya, Pondoksalam, Purwakarta",2,"20 jam",NA,NA,7,"20 jam","0817225165","32","3214",2021-08-23 00:14:12,"Non COVID-19"
"420","RS Umum Bhakti Husada II Purwakarta","Jl. Raya Sadang-Subang KM 5 RT 01/01 Cikumpay Campaka Purwakarta",4,"18 jam",16,"18 jam",25,"18 jam","02648225255","32","3214",2021-08-23 00:14:12,"Non COVID-19"
"421","RS Umum Karina Medika","JL Baru Kp. Krajan RT 01 RW 01 Kec. Babakancikao Kab. Purwakarta 41151",9,"17 jam",21,"17 jam",12,"17 jam","0264 8301768","32","3214",2021-08-23 00:14:12,"Non COVID-19"
"422","RS Ibu dan Anak Bunda Fathia","Jl. Ibrahim Singadilaga No. 95-97 Purwakarta",NA,NA,NA,NA,5,"13 jam","02648309596","32","3214",2021-08-23 00:14:12,"Non COVID-19"
"423","RS Umum Panti Waluyo Yakkum Purworejo","Jl. Ahmad Yani No. 21 Purworejo",NA,NA,10,"15 jam",21,"15 jam","0275322094","33","3306",2021-08-23 00:14:12,"Non COVID-19"
"424","RS An-Nissa","Jl. Lintas Curup Lubuk Linggau Kel. Simpang Nangka Kec. Selupu Rejang",3,NA,4,NA,8,NA,"085896515156","17","1702",2021-08-23 00:14:13,"Non COVID-19"
"425","RS Umum Daerah Sambas","Jl. Pendidikan no 300 Kecamatan Sambas",4,"1 jam",19,"1 jam",37,"1 jam","0562391020","61","6101",2021-08-23 00:14:15,"Non COVID-19"
"426","RS Umum Daerah Pemangkat"," Jalan. Abdul Kadir Kasim No. 20 Pemangkat",15,"36 menit",16,"36 menit",32,"36 menit","hotline tidak tersedia","61","6101",2021-08-23 00:14:15,"Non COVID-19"
"427","RS Umum Daerah Prof. Dr. H.  Chatib Quzwain","Jl. Lintas Sumatera Km.09 Desa Bukit, Sarolangun",12,"17 jam",21,"17 jam",61,"17 jam","074591646","15","1503",2021-08-23 00:14:16,"Non COVID-19"
"428","RS Umum Daerah Ungaran"," Jl. Diponegoro 125,Ungaran",14,NA,11,NA,12,NA,"0246921006","33","3322",2021-08-23 00:14:17,"Non COVID-19"
"429","RS Umum Ken Saras","Jl. Soekarno Hatta Km 29 Bergas, Ungaran-Kab. Semarang",26,NA,46,NA,7,NA,"0246922188","33","3322",2021-08-23 00:14:17,"Non COVID-19"
"430","RS Umum Bina Kasih","Jl. Naryo Atmajan 27 Ambarawa",1,NA,7,NA,14,NA,"0298591280","33","3322",2021-08-23 00:14:17,"Non COVID-19"
"431","RS Umum Daerah dr. Drajat Prawiranegara ","  Jl. Rumah Sakit No. 1 Serang",29,"14 jam",46,"14 jam",52,"14 jam","hotline tidak tersedia","36","3604",2021-08-23 00:14:18,"Non COVID-19"
"432","RS Kurnia Serang","Jl. Raya Cilegon KM 8 Kramatwatu",8,"56 menit",33,"56 menit",21,"56 menit","087808876896","36","3604",2021-08-23 00:14:18,"Non COVID-19"
"433","RS Umum Daerah Nene Mallomo"," Jl. Wolter Monginsidi Pangkajene, Kab. Sidenreng Rappang",6,"17 jam",8,"17 jam",39,"17 jam","082332704995","73","7314",2021-08-23 00:14:20,"Non COVID-19"
"434","RS Umum Siti Khodijah Muhammadiyah Cabang Sepanjan","Jl. Pahlawan No .260 Sepanjang Sidoarjo",10,NA,13,NA,8,NA,"08113087119","35","3515",2021-08-23 00:14:20,"Non COVID-19"
"435","RS Umum Delta Surya","Jl. Pahlawan No. 09 Sidoarjo",7,"16 jam",16,"16 jam",16,"16 jam","0318962531","35","3515",2021-08-23 00:14:20,"Non COVID-19"
"436","RS Umum Aisyiyah Siti Fatimah"," Jl Kenongo No. 14 Tulangan Sidoarjo",2,"1 jam",9,"1 jam",13,"1 jam","085817365969","35","3515",2021-08-23 00:14:20,"Non COVID-19"
"437","RS Arafah Anwar Medika Sukodono","Jl. Sawo No. 2 Dungus Sukodono",14,"17 jam",8,"17 jam",12,"17 jam","0318830989","35","3515",2021-08-23 00:14:20,"Non COVID-19"
"438","RS GKPS Bethesda Saribu Dolok","Jl. Kesehatan No. 106 Kelurahan Saribu Dolok, Kec. Silimakuta ",4,"37 menit",10,"37 menit",26,"37 menit","081362335306","12","1209",2021-08-23 00:14:21,"Non COVID-19"
"439","RS Umum Daerah dr. Abdoer Rahem Kabupaten Situbon","Jl. Anggrek No. 68, Kel. Patokan, Kec. Situbondo, Kab. Situbondo",5,"15 jam",9,NA,38,NA,"0338673293","35","3512",2021-08-23 00:14:22,"Non COVID-19"
"440","RS Elizabeth","Jl. WR Supratman Nomor 2A Situbondo",14,"8 jam",10,"8 jam",16,"8 jam","0338671174","35","3512",2021-08-23 00:14:22,"Non COVID-19"
"441","RS Umum Daerah Sleman","Jl Bhayangkara 48 Triharjo Sleman Daerah Istimewa Yogyakarta, 55514",22,NA,16,NA,24,NA,"0274868437 ext 180","34","3404",2021-08-23 00:14:22,"Non COVID-19"
"442","RSUP Dr. Sardjito","Jl Kesehatan No.1 Sekip Yogyakarta ",22,NA,53,NA,42,NA,"0274631190","34","3404",2021-08-23 00:14:22,"Non COVID-19"
"443","RS Umum Panti Rini","Jl Solo Km 12,5 Krajan Tirtomartani Kalasan Sleman Yogyakarta ",3,NA,22,NA,16,NA,"0274496323","34","3404",2021-08-23 00:14:22,"Non COVID-19"
"444","RS Islam Yayasan PDHI","Jl Solo Km 12,5 Kalasan Yogyakarta",8,"35 menit",8,"35 menit",19,"35 menit","085280002010","34","3404",2021-08-23 00:14:22,"Non COVID-19"
"445","RS Umum Daerah Prambanan","Jl Prambanan Piyungan Km.7, Delegan, Sumberharjo, Prambanan, Sleman ",4,NA,1,NA,21,"44 menit","02744398356","34","3404",2021-08-23 00:14:22,"Non COVID-19"
"446","RS Umum Mitra Paramedika","Jl Raya Ngemplak Kemasan Widodomartani",6,"14 jam",6,"14 jam",9,"14 jam","02744461098","34","3404",2021-08-23 00:14:22,"Non COVID-19"
"447","RS Khusus Ibu Anak Sadewa","Babarsari TB 16/13-B Caturnunggal Depok Sleman",2,"14 jam",3,"14 jam",6,"14 jam","hotline tidak tersedia","34","3404",2021-08-23 00:14:22,"Non COVID-19"
"448","RS UGM ","Jl. Kabupaten (Lingkar Utara), Kronggahan, Trihanggo, Gamping",5,NA,3,NA,7,NA,"02744530404","34","3404",2021-08-23 00:14:22,"Non COVID-19"
"449","RS Universitas Ahmad Dahlan","Jl Cindelaras Raya - Karangsari, Wedomartani, Ngemplak",6,"43 menit",3,"43 menit",17,"43 menit","02744477030","34","3404",2021-08-23 00:14:22,"Non COVID-19"
"450","RS Umum Mardi Lestari Sragen","Jl. Rokan No.8,Sragen",10,"15 jam",20,"15 jam",15,"15 jam","02718852962","33","3314",2021-08-23 00:14:24,"Non COVID-19"
"451","RS Umum Islam Amal Sehat Sragen","Jl. Veteran No.35, Sragen, Jawa Tengah",3,NA,5,NA,13,NA,"0271891977","33","3314",2021-08-23 00:14:24,"Non COVID-19"
"452","RS Ibu dan Anak Restu Ibu","Bendungan, Desa Pilangsari, Kecamatan Ngrampal",11,"21 jam",9,"21 jam",19,"21 jam","0271894584","33","3314",2021-08-23 00:14:24,"Non COVID-19"
"453","RS Umum PKU Muhammadiyah Sragen ","Jl. Raya Sragen - Solo Km.8, Masaran, Sragen",6,"18 jam",8,"18 jam",21,"17 jam","0271644370","33","3314",2021-08-23 00:14:24,"Non COVID-19"
"454","RS Umum Rizky Amalia","Jl. Ahmad Yani No. 100 Cantel Wetan, Sragen Tengah, Sragen",0,NA,4,NA,21,NA,"02718823814","33","3314",2021-08-23 00:14:24,"Non COVID-19"
"455","RS Umum Daerah Subang"," Jl. Brigjen Katamso No. 37 Ciereng",7,"15 jam",15,"15 jam",36,"14 jam","081312004127","32","3213",2021-08-23 00:14:25,"Non COVID-19"
"456","RS Umum Pamanukan Medical Center (PMC)","Jl. Raya Rancasari KM 4,5 Ds.Rancasari Kec.Pamanukan Kab.Subang",8,"17 jam",9,"17 jam",20,"16 jam","082320337484","32","3213",2021-08-23 00:14:25,"Non COVID-19"
"457","RS Umum Daerah Sekarwangi","Jl. Siliwangi No. 49 Cibadak Sukabumi",18,"21 jam",35,"21 jam",62,"21 jam","0266531261","32","3202",2021-08-23 00:14:25,"Non COVID-19"
"458","RS Umum Kartika Cibadak","Jl. Siliwangi No.139 ",12,NA,21,NA,30,NA,"02667160068","32","3202",2021-08-23 00:14:25,"Non COVID-19"
"459","RS Umum Daerah Ir. Soekarno Kabupaten Sukoharjo","Jl. Dr. Muwardi 71, Sukoharjo",4,"44 menit",13,"44 menit",10,"44 menit","0271593118","33","3311",2021-08-23 00:14:26,"Non COVID-19"
"460","RS Khusus Bedah Karima Utama"," Jl. Amarta 8-10 Ngabeyan Kartasura, Sukoharjo ",17,"34 menit",8,"34 menit",5,"34 menit","0271783331","33","3311",2021-08-23 00:14:26,"Non COVID-19"
"461","RS Orthopedi Prof. Dr. R. Soeharso","      Jl. Jenderal Ahmad Yani Pabelan, Surakarta 57162",12,"44 menit",14,"44 menit",19,"44 menit","0271718079 ","33","3311",2021-08-23 00:14:26,"Non COVID-19"
"462","RS Umum Bhakti Rahayu Tabanan","Jl. Batukaru No.2 Tuakilang Tabanan  ",7,"17 jam",3,"17 jam",5,"17 jam","0361810805","51","5102",2021-08-23 00:14:29,"Non COVID-19"
"463","RS Nyitdah","Banjar Tegal Antugan Desa Nyitdah Kec. Kediri ",4,"16 jam",4,"16 jam",27,"16 jam","0361813495","51","5102",2021-08-23 00:14:29,"Non COVID-19"
"464","RS Umum Semara Ratih","Banjar Luwus, Desa Luwus, Kecamatan Baturiti",17,"22 jam",18,NA,8,"22 jam","082236174466","51","5102",2021-08-23 00:14:29,"Non COVID-19"
"465","RS Umum Marina Permata","Jl.Kodeco KM 4, Desa Sarigadung Kec. Simpang Empat Kab. Tanah Bumbu.",10,"16 jam",3,"16 jam",38,"16 jam","051871118","63","6310",2021-08-23 00:14:32,"Non COVID-19"
"466","RS Borneo Citra Medika","Jl A. Yani RT 7B RW 03 Kel. Angsau Kec. Pelaihari",1,NA,0,NA,3,NA,"05122021002","63","6301",2021-08-23 00:14:32,"Non COVID-19"
"467","RS Umum Daerah Balaraja"," Jl.Rumah Sakit NO. 88 Desa Tobat Kec. Balaraja",1,"13 jam",0,NA,38,NA,"082213620551","36","3603",2021-08-23 00:14:33,"Non COVID-19"
"468","RS St. Carolus Summarecon Serpong ","Jl Gading Golf Boulevard Kav. 08 Desa Cihuni Kec. Pagedangan",8,"16 jam",2,"16 jam",9,"16 jam","02154220818","36","3603",2021-08-23 00:14:33,"Non COVID-19"
"469","RS Umum Murni Asih","JL. Raya Bojongnangka No.86 Medang, Kec. Pagedangan,   Tangerang- Banten",4,NA,5,NA,16,NA,"081219089112","36","3603",2021-08-23 00:14:33,"Non COVID-19"
"470","RS Siloam Hospitals Lippo Village","Jl. Siloam Lippo Karawaci Tangerang",11,"17 jam",25,"17 jam",3,"17 jam","hotline tidak tersedia","36","3603",2021-08-23 00:14:33,"Non COVID-19"
"471","RS Umum Daerah Suryah Khairuddin","Jl. Lintas Timur  Kec. Merlung, Kab. Tanjung Jabung Barat",NA,NA,2,"15 jam",10,"15 jam","085377910100","15","1507",2021-08-23 00:14:33,"Non COVID-19"
"472","RS Umum Daerah Pandan","Jl. Dr. FL. Tobing No. 05 Pandan",10,NA,23,NA,51,NA,"08126469274","12","1204",2021-08-23 00:14:35,"Non COVID-19"
"473","RS Umum Daerah Tarutung","Jl. Agus Salim No. 1 Tarutung",26,NA,21,NA,41,NA,"06337320944","12","1205",2021-08-23 00:14:36,"Non COVID-19"
"474","RS Umum Daerah dr. Soeselo Slawi Kabupaten Tegal","Jl. Dr. Sutomo No.63 Desa Slawi Kulon Kecamatan Slawi",14,"16 jam",27,"16 jam",98,"16 jam","0283491016","33","3328",2021-08-23 00:14:37,"Non COVID-19"
"475","RS Umum Adella","Jl. Prof.Moh. Yamin No.77 Slawi",9,"24 jam",4,"24 jam",10,"24 jam","0283491154","33","3328",2021-08-23 00:14:37,"Non COVID-19"
"476","RS Umum  Mitra Siaga","Jl. Pala Raya No.54 Tegal",17,NA,14,NA,1,NA,"0283353387","33","3328",2021-08-23 00:14:37,"Non COVID-19"
"477","RS Umum Daerah Kefamenanu"," Jl. Letjen Suprapto Kefamenanu",4,NA,10,NA,56,NA,"085240145353","53","5305",2021-08-23 00:14:40,"Non COVID-19"
"478","RS Umum Daerah Dr. R. Koesma Tuban"," Jl. dr. Wahidin Sudiro Husodo No. 800",47,NA,29,NA,87,NA,"0356321010","35","3523",2021-08-23 00:14:42,"Non COVID-19"
"479","RS Umum Era Medika ","Jl. Raya Pulosari No. 15 Ngunut Tulungagung",11,"14 jam",9,"14 jam",48,"14 jam","0355398706","35","3504",2021-08-23 00:14:43,"Non COVID-19"
"480","RS Umum Satiti Prima Husada","Ds. Balesono, Kec. Ngunut Kab. Tulungagung",2,NA,4,NA,6,NA,"082132814910","35","3504",2021-08-23 00:14:43,"Non COVID-19"
"481","RS Ibu dan Anak Amanda","JL. Mayor Sujadi No. 38 Tulungagung",2,NA,4,NA,6,NA,"0355325587","35","3504",2021-08-23 00:14:43,"Non COVID-19"
"482","RS Umum Daerah Lamaddukkelleng Kabupaten Wajo"," Jl. Kartika Chandra Kirana No. 9 Sengkang",29,NA,25,NA,52,NA,"hotline tidak tersedia","73","7313",2021-08-23 00:14:44,"Non COVID-19"
"483","RS Umum Daerah Siwa","  Jl. Andi Djaja No.1 Kec. Pitumpanua, Siwa, Kab. Wajo",12,"18 jam",16,"18 jam",34,"18 jam","082316090172","73","7313",2021-08-23 00:14:44,"Non COVID-19"
"484","RS Umum Haji Kamino","Jl. Sriwijaya No. 56 Kp. Setia Negara Kec. Baradatu Kab. Way Kanan",4,NA,8,"12 jam",10,"12 jam","081272095786","18","1807",2021-08-23 00:14:45,"Non COVID-19"
"485","RS Umum Daerah Dr. Soediran Mangun Sumarso Wonogi"," Jl. Jend A Yani No. 40,Giriwono, Wonogiri, Jateng",0,"45 menit",20,"45 menit",81,"45 menit","0273321008","33","3312",2021-08-23 00:14:45,"Non COVID-19"
"486","RS Umum Setjonegoro Wonosobo"," Jl. Setjonegoro No.1,Wonosobo",NA,NA,8,NA,30,NA,"0286321091","33","3307",2021-08-23 00:14:46,"Non COVID-19"
